{
  "model": "vit",
  "freeze_config": "freeze_none",
  "seed": 15,
  "device": "cuda",
  "gpu_name": "NVIDIA GeForce RTX 5080",
  "optimizer": "adamw",
  "lr": 0.001,
  "weight_decay": 0.01,
  "dropout": 0.1,
  "batch_size": 128,
  "grad_accum_steps": 1,
  "effective_batch_size": 128,
  "amp": true,
  "epochs_configured": 20,
  "patience": 5,
  "num_trainable_params": 85800194,
  "num_frozen_params": 0,
  "num_total_params": 85800194,
  "trainable_pct": 100.0,
  "dataset": {
    "train": {
      "total": 18847,
      "fire": 9763,
      "nofire": 9084
    },
    "val": {
      "total": 2356,
      "fire": 1220,
      "nofire": 1136
    },
    "test": {
      "total": 2356,
      "fire": 1221,
      "nofire": 1135
    }
  },
  "class_weights": [
    1.0374,
    0.9652
  ],
  "epochs_completed": 20,
  "early_stopped": false,
  "test_acc": 0.959677,
  "test_loss": 0.115483,
  "test_precision_fire": 0.9533,
  "test_recall_fire": 0.9697,
  "test_f1_fire": 0.9614,
  "test_precision_nofire": 0.9668,
  "test_recall_nofire": 0.9489,
  "test_f1_nofire": 0.9578,
  "test_confusion_matrix": [
    [
      1077,
      58
    ],
    [
      37,
      1184
    ]
  ],
  "best_val_acc": 0.963922,
  "best_val_loss": 0.105722,
  "best_val_f1_fire": 0.965629,
  "best_val_f1_macro": 0.963833,
  "best_epoch": 20,
  "total_train_time_seconds": 872.25,
  "train_history": [
    {
      "epoch": 1,
      "train_loss": 0.681563,
      "train_acc": 0.642166,
      "val_loss": 0.469371,
      "val_acc": 0.795416,
      "val_f1_fire": 0.795068,
      "val_f1_nofire": 0.795763,
      "val_f1_macro": 0.795415,
      "lr": 0.0009938441702975688,
      "epoch_time_seconds": 43.04
    },
    {
      "epoch": 2,
      "train_loss": 0.450686,
      "train_acc": 0.787628,
      "val_loss": 0.331711,
      "val_acc": 0.851868,
      "val_f1_fire": 0.849244,
      "val_f1_nofire": 0.854401,
      "val_f1_macro": 0.851823,
      "lr": 0.0009755282581475768,
      "epoch_time_seconds": 41.42
    },
    {
      "epoch": 3,
      "train_loss": 0.369598,
      "train_acc": 0.832855,
      "val_loss": 0.309055,
      "val_acc": 0.86927,
      "val_f1_fire": 0.882711,
      "val_f1_nofire": 0.852349,
      "val_f1_macro": 0.86753,
      "lr": 0.0009455032620941839,
      "epoch_time_seconds": 40.71
    },
    {
      "epoch": 4,
      "train_loss": 0.343748,
      "train_acc": 0.846939,
      "val_loss": 0.274336,
      "val_acc": 0.884126,
      "val_f1_fire": 0.891365,
      "val_f1_nofire": 0.875853,
      "val_f1_macro": 0.883609,
      "lr": 0.0009045084971874737,
      "epoch_time_seconds": 42.12
    },
    {
      "epoch": 5,
      "train_loss": 0.312375,
      "train_acc": 0.868888,
      "val_loss": 0.233193,
      "val_acc": 0.910441,
      "val_f1_fire": 0.916502,
      "val_f1_nofire": 0.903432,
      "val_f1_macro": 0.909967,
      "lr": 0.0008535533905932737,
      "epoch_time_seconds": 42.12
    },
    {
      "epoch": 6,
      "train_loss": 0.285592,
      "train_acc": 0.87888,
      "val_loss": 0.214451,
      "val_acc": 0.91129,
      "val_f1_fire": 0.917228,
      "val_f1_nofire": 0.904435,
      "val_f1_macro": 0.910832,
      "lr": 0.0007938926261462366,
      "epoch_time_seconds": 41.8
    },
    {
      "epoch": 7,
      "train_loss": 0.269465,
      "train_acc": 0.886267,
      "val_loss": 0.266416,
      "val_acc": 0.885399,
      "val_f1_fire": 0.899103,
      "val_f1_nofire": 0.867387,
      "val_f1_macro": 0.883245,
      "lr": 0.0007269952498697733,
      "epoch_time_seconds": 41.3
    },
    {
      "epoch": 8,
      "train_loss": 0.247262,
      "train_acc": 0.899128,
      "val_loss": 0.163223,
      "val_acc": 0.934211,
      "val_f1_fire": 0.936657,
      "val_f1_nofire": 0.931567,
      "val_f1_macro": 0.934112,
      "lr": 0.0006545084971874737,
      "epoch_time_seconds": 40.69
    },
    {
      "epoch": 9,
      "train_loss": 0.230614,
      "train_acc": 0.9071,
      "val_loss": 0.160712,
      "val_acc": 0.939728,
      "val_f1_fire": 0.941708,
      "val_f1_nofire": 0.93761,
      "val_f1_macro": 0.939659,
      "lr": 0.0005782172325201155,
      "epoch_time_seconds": 41.7
    },
    {
      "epoch": 10,
      "train_loss": 0.21252,
      "train_acc": 0.91672,
      "val_loss": 0.191868,
      "val_acc": 0.921053,
      "val_f1_fire": 0.927457,
      "val_f1_nofire": 0.913408,
      "val_f1_macro": 0.920432,
      "lr": 0.0005,
      "epoch_time_seconds": 41.91
    },
    {
      "epoch": 11,
      "train_loss": 0.198108,
      "train_acc": 0.922088,
      "val_loss": 0.138138,
      "val_acc": 0.946944,
      "val_f1_fire": 0.949413,
      "val_f1_nofire": 0.944221,
      "val_f1_macro": 0.946817,
      "lr": 0.0004217827674798847,
      "epoch_time_seconds": 41.21
    },
    {
      "epoch": 12,
      "train_loss": 0.19041,
      "train_acc": 0.925223,
      "val_loss": 0.140282,
      "val_acc": 0.950764,
      "val_f1_fire": 0.953563,
      "val_f1_nofire": 0.947606,
      "val_f1_macro": 0.950584,
      "lr": 0.00034549150281252633,
      "epoch_time_seconds": 41.52
    },
    {
      "epoch": 13,
      "train_loss": 0.17987,
      "train_acc": 0.928837,
      "val_loss": 0.131843,
      "val_acc": 0.952037,
      "val_f1_fire": 0.954564,
      "val_f1_nofire": 0.949213,
      "val_f1_macro": 0.951889,
      "lr": 0.00027300475013022663,
      "epoch_time_seconds": 41.86
    },
    {
      "epoch": 14,
      "train_loss": 0.166975,
      "train_acc": 0.93479,
      "val_loss": 0.123639,
      "val_acc": 0.955008,
      "val_f1_fire": 0.95684,
      "val_f1_nofire": 0.953014,
      "val_f1_macro": 0.954927,
      "lr": 0.00020610737385376348,
      "epoch_time_seconds": 41.22
    },
    {
      "epoch": 15,
      "train_loss": 0.159433,
      "train_acc": 0.937713,
      "val_loss": 0.105876,
      "val_acc": 0.960102,
      "val_f1_fire": 0.961507,
      "val_f1_nofire": 0.95859,
      "val_f1_macro": 0.960049,
      "lr": 0.00014644660940672625,
      "epoch_time_seconds": 41.23
    },
    {
      "epoch": 16,
      "train_loss": 0.151823,
      "train_acc": 0.941273,
      "val_loss": 0.107034,
      "val_acc": 0.960951,
      "val_f1_fire": 0.962662,
      "val_f1_nofire": 0.959075,
      "val_f1_macro": 0.960869,
      "lr": 9.549150281252631e-05,
      "epoch_time_seconds": 40.72
    },
    {
      "epoch": 17,
      "train_loss": 0.138138,
      "train_acc": 0.946694,
      "val_loss": 0.108731,
      "val_acc": 0.9618,
      "val_f1_fire": 0.963826,
      "val_f1_nofire": 0.959532,
      "val_f1_macro": 0.961679,
      "lr": 5.4496737905816096e-05,
      "epoch_time_seconds": 40.89
    },
    {
      "epoch": 18,
      "train_loss": 0.136356,
      "train_acc": 0.948661,
      "val_loss": 0.106844,
      "val_acc": 0.9618,
      "val_f1_fire": 0.963768,
      "val_f1_nofire": 0.959605,
      "val_f1_macro": 0.961687,
      "lr": 2.447174185242323e-05,
      "epoch_time_seconds": 41.9
    },
    {
      "epoch": 19,
      "train_loss": 0.137354,
      "train_acc": 0.94696,
      "val_loss": 0.110843,
      "val_acc": 0.9618,
      "val_f1_fire": 0.963826,
      "val_f1_nofire": 0.959532,
      "val_f1_macro": 0.961679,
      "lr": 6.15582970243117e-06,
      "epoch_time_seconds": 40.48
    },
    {
      "epoch": 20,
      "train_loss": 0.133513,
      "train_acc": 0.948448,
      "val_loss": 0.105722,
      "val_acc": 0.963922,
      "val_f1_fire": 0.965629,
      "val_f1_nofire": 0.962037,
      "val_f1_macro": 0.963833,
      "lr": 0.0,
      "epoch_time_seconds": 40.92
    }
  ]
}