{
  "model": "vit",
  "freeze_config": "freeze_none",
  "seed": 5,
  "device": "cuda",
  "gpu_name": "NVIDIA GeForce RTX 5080",
  "optimizer": "adamw",
  "lr": 0.001,
  "weight_decay": 0.01,
  "dropout": 0.1,
  "batch_size": 128,
  "grad_accum_steps": 1,
  "effective_batch_size": 128,
  "amp": true,
  "epochs_configured": 20,
  "patience": 5,
  "num_trainable_params": 85800194,
  "num_frozen_params": 0,
  "num_total_params": 85800194,
  "trainable_pct": 100.0,
  "dataset": {
    "train": {
      "total": 18847,
      "fire": 9763,
      "nofire": 9084
    },
    "val": {
      "total": 2356,
      "fire": 1220,
      "nofire": 1136
    },
    "test": {
      "total": 2356,
      "fire": 1221,
      "nofire": 1135
    }
  },
  "class_weights": [
    1.0374,
    0.9652
  ],
  "epochs_completed": 20,
  "early_stopped": false,
  "test_acc": 0.95798,
  "test_loss": 0.133396,
  "test_precision_fire": 0.9644,
  "test_recall_fire": 0.9541,
  "test_f1_fire": 0.9592,
  "test_precision_nofire": 0.9512,
  "test_recall_nofire": 0.9621,
  "test_f1_nofire": 0.9566,
  "test_confusion_matrix": [
    [
      1092,
      43
    ],
    [
      56,
      1165
    ]
  ],
  "best_val_acc": 0.965195,
  "best_val_loss": 0.095604,
  "best_val_f1_fire": 0.966775,
  "best_val_f1_macro": 0.965116,
  "best_epoch": 18,
  "total_train_time_seconds": 880.05,
  "train_history": [
    {
      "epoch": 1,
      "train_loss": 0.625368,
      "train_acc": 0.688616,
      "val_loss": 0.440505,
      "val_acc": 0.795416,
      "val_f1_fire": 0.825615,
      "val_f1_nofire": 0.752567,
      "val_f1_macro": 0.789091,
      "lr": 0.0009938441702975688,
      "epoch_time_seconds": 42.21
    },
    {
      "epoch": 2,
      "train_loss": 0.428626,
      "train_acc": 0.799373,
      "val_loss": 0.319738,
      "val_acc": 0.860781,
      "val_f1_fire": 0.860188,
      "val_f1_nofire": 0.861369,
      "val_f1_macro": 0.860778,
      "lr": 0.0009755282581475768,
      "epoch_time_seconds": 41.65
    },
    {
      "epoch": 3,
      "train_loss": 0.390158,
      "train_acc": 0.820525,
      "val_loss": 0.295404,
      "val_acc": 0.86927,
      "val_f1_fire": 0.881811,
      "val_f1_nofire": 0.853751,
      "val_f1_macro": 0.867781,
      "lr": 0.0009455032620941839,
      "epoch_time_seconds": 42.11
    },
    {
      "epoch": 4,
      "train_loss": 0.338201,
      "train_acc": 0.850765,
      "val_loss": 0.307638,
      "val_acc": 0.872666,
      "val_f1_fire": 0.886792,
      "val_f1_nofire": 0.85451,
      "val_f1_macro": 0.870651,
      "lr": 0.0009045084971874737,
      "epoch_time_seconds": 41.23
    },
    {
      "epoch": 5,
      "train_loss": 0.304609,
      "train_acc": 0.868091,
      "val_loss": 0.227772,
      "val_acc": 0.905348,
      "val_f1_fire": 0.906184,
      "val_f1_nofire": 0.904497,
      "val_f1_macro": 0.905341,
      "lr": 0.0008535533905932737,
      "epoch_time_seconds": 40.77
    },
    {
      "epoch": 6,
      "train_loss": 0.28145,
      "train_acc": 0.881803,
      "val_loss": 0.232997,
      "val_acc": 0.91129,
      "val_f1_fire": 0.919708,
      "val_f1_nofire": 0.900901,
      "val_f1_macro": 0.910304,
      "lr": 0.0007938926261462366,
      "epoch_time_seconds": 42.18
    },
    {
      "epoch": 7,
      "train_loss": 0.254503,
      "train_acc": 0.894292,
      "val_loss": 0.204475,
      "val_acc": 0.913837,
      "val_f1_fire": 0.921652,
      "val_f1_nofire": 0.90429,
      "val_f1_macro": 0.912971,
      "lr": 0.0007269952498697733,
      "epoch_time_seconds": 41.35
    },
    {
      "epoch": 8,
      "train_loss": 0.234857,
      "train_acc": 0.903912,
      "val_loss": 0.161956,
      "val_acc": 0.935908,
      "val_f1_fire": 0.937422,
      "val_f1_nofire": 0.934319,
      "val_f1_macro": 0.935871,
      "lr": 0.0006545084971874737,
      "epoch_time_seconds": 41.72
    },
    {
      "epoch": 9,
      "train_loss": 0.218301,
      "train_acc": 0.911458,
      "val_loss": 0.152424,
      "val_acc": 0.94652,
      "val_f1_fire": 0.949357,
      "val_f1_nofire": 0.943345,
      "val_f1_macro": 0.946351,
      "lr": 0.0005782172325201155,
      "epoch_time_seconds": 42.3
    },
    {
      "epoch": 10,
      "train_loss": 0.205362,
      "train_acc": 0.917995,
      "val_loss": 0.144044,
      "val_acc": 0.948642,
      "val_f1_fire": 0.951151,
      "val_f1_nofire": 0.945861,
      "val_f1_macro": 0.948506,
      "lr": 0.0005,
      "epoch_time_seconds": 41.86
    },
    {
      "epoch": 11,
      "train_loss": 0.196278,
      "train_acc": 0.921078,
      "val_loss": 0.140064,
      "val_acc": 0.950764,
      "val_f1_fire": 0.953637,
      "val_f1_nofire": 0.947511,
      "val_f1_macro": 0.950574,
      "lr": 0.0004217827674798847,
      "epoch_time_seconds": 41.31
    },
    {
      "epoch": 12,
      "train_loss": 0.179142,
      "train_acc": 0.929528,
      "val_loss": 0.13424,
      "val_acc": 0.950764,
      "val_f1_fire": 0.953748,
      "val_f1_nofire": 0.947368,
      "val_f1_macro": 0.950558,
      "lr": 0.00034549150281252633,
      "epoch_time_seconds": 40.49
    },
    {
      "epoch": 13,
      "train_loss": 0.162976,
      "train_acc": 0.938085,
      "val_loss": 0.151369,
      "val_acc": 0.94652,
      "val_f1_fire": 0.949801,
      "val_f1_nofire": 0.942779,
      "val_f1_macro": 0.94629,
      "lr": 0.00027300475013022663,
      "epoch_time_seconds": 41.97
    },
    {
      "epoch": 14,
      "train_loss": 0.15917,
      "train_acc": 0.936597,
      "val_loss": 0.107763,
      "val_acc": 0.963073,
      "val_f1_fire": 0.964734,
      "val_f1_nofire": 0.961247,
      "val_f1_macro": 0.962991,
      "lr": 0.00020610737385376348,
      "epoch_time_seconds": 42.06
    },
    {
      "epoch": 15,
      "train_loss": 0.152811,
      "train_acc": 0.941433,
      "val_loss": 0.100988,
      "val_acc": 0.96562,
      "val_f1_fire": 0.967167,
      "val_f1_nofire": 0.96392,
      "val_f1_macro": 0.965543,
      "lr": 0.00014644660940672625,
      "epoch_time_seconds": 42.07
    },
    {
      "epoch": 16,
      "train_loss": 0.140634,
      "train_acc": 0.946535,
      "val_loss": 0.107751,
      "val_acc": 0.963922,
      "val_f1_fire": 0.965795,
      "val_f1_nofire": 0.961832,
      "val_f1_macro": 0.963813,
      "lr": 9.549150281252631e-05,
      "epoch_time_seconds": 41.39
    },
    {
      "epoch": 17,
      "train_loss": 0.137436,
      "train_acc": 0.946801,
      "val_loss": 0.099266,
      "val_acc": 0.962224,
      "val_f1_fire": 0.964098,
      "val_f1_nofire": 0.960143,
      "val_f1_macro": 0.962121,
      "lr": 5.4496737905816096e-05,
      "epoch_time_seconds": 41.59
    },
    {
      "epoch": 18,
      "train_loss": 0.126596,
      "train_acc": 0.951743,
      "val_loss": 0.095604,
      "val_acc": 0.965195,
      "val_f1_fire": 0.966775,
      "val_f1_nofire": 0.963458,
      "val_f1_macro": 0.965116,
      "lr": 2.447174185242323e-05,
      "epoch_time_seconds": 41.83
    },
    {
      "epoch": 19,
      "train_loss": 0.125175,
      "train_acc": 0.953816,
      "val_loss": 0.096937,
      "val_acc": 0.966469,
      "val_f1_fire": 0.968003,
      "val_f1_nofire": 0.964779,
      "val_f1_macro": 0.966391,
      "lr": 6.15582970243117e-06,
      "epoch_time_seconds": 41.52
    },
    {
      "epoch": 20,
      "train_loss": 0.126968,
      "train_acc": 0.950521,
      "val_loss": 0.098364,
      "val_acc": 0.965195,
      "val_f1_fire": 0.966882,
      "val_f1_nofire": 0.963327,
      "val_f1_macro": 0.965105,
      "lr": 0.0,
      "epoch_time_seconds": 41.95
    }
  ]
}