{
  "model": "vit",
  "freeze_config": "freeze_patch_blocks0-3",
  "seed": 0,
  "device": "cuda",
  "gpu_name": "NVIDIA GeForce RTX 5090",
  "optimizer": "adamw",
  "lr": 0.001,
  "weight_decay": 0.01,
  "dropout": 0.1,
  "batch_size": 128,
  "grad_accum_steps": 1,
  "effective_batch_size": 128,
  "amp": false,
  "epochs_configured": 20,
  "patience": 5,
  "num_trainable_params": 56706050,
  "num_frozen_params": 29094144,
  "num_total_params": 85800194,
  "trainable_pct": 66.09,
  "dataset": {
    "train": {
      "total": 18847,
      "fire": 9763,
      "nofire": 9084
    },
    "val": {
      "total": 2356,
      "fire": 1220,
      "nofire": 1136
    },
    "test": {
      "total": 2356,
      "fire": 1221,
      "nofire": 1135
    }
  },
  "class_weights": [
    1.0374,
    0.9652
  ],
  "epochs_completed": 16,
  "early_stopped": true,
  "test_acc": 0.987691,
  "test_loss": 0.049727,
  "test_precision_fire": 0.9877,
  "test_recall_fire": 0.9885,
  "test_f1_fire": 0.9881,
  "test_precision_nofire": 0.9877,
  "test_recall_nofire": 0.9868,
  "test_f1_nofire": 0.9872,
  "test_confusion_matrix": [
    [
      1120,
      15
    ],
    [
      14,
      1207
    ]
  ],
  "best_val_acc": 0.991511,
  "best_val_loss": 0.027745,
  "best_val_f1_fire": 0.991817,
  "best_val_f1_macro": 0.991499,
  "best_epoch": 11,
  "total_train_time_seconds": 415.54,
  "train_history": [
    {
      "epoch": 1,
      "train_loss": 0.322002,
      "train_acc": 0.881431,
      "val_loss": 0.217471,
      "val_acc": 0.92657,
      "val_f1_fire": 0.93323,
      "val_f1_nofire": 0.918435,
      "val_f1_macro": 0.925833,
      "lr": 0.0009938441702975688,
      "epoch_time_seconds": 27.36
    },
    {
      "epoch": 2,
      "train_loss": 0.088524,
      "train_acc": 0.971832,
      "val_loss": 0.071402,
      "val_acc": 0.977929,
      "val_f1_fire": 0.979015,
      "val_f1_nofire": 0.976723,
      "val_f1_macro": 0.977869,
      "lr": 0.0009755282581475768,
      "epoch_time_seconds": 25.08
    },
    {
      "epoch": 3,
      "train_loss": 0.073992,
      "train_acc": 0.976828,
      "val_loss": 0.046766,
      "val_acc": 0.985569,
      "val_f1_fire": 0.986088,
      "val_f1_nofire": 0.985009,
      "val_f1_macro": 0.985549,
      "lr": 0.0009455032620941839,
      "epoch_time_seconds": 25.47
    },
    {
      "epoch": 4,
      "train_loss": 0.066364,
      "train_acc": 0.980017,
      "val_loss": 0.055887,
      "val_acc": 0.983022,
      "val_f1_fire": 0.983753,
      "val_f1_nofire": 0.982222,
      "val_f1_macro": 0.982988,
      "lr": 0.0009045084971874737,
      "epoch_time_seconds": 25.36
    },
    {
      "epoch": 5,
      "train_loss": 0.059881,
      "train_acc": 0.981346,
      "val_loss": 0.050849,
      "val_acc": 0.985993,
      "val_f1_fire": 0.986381,
      "val_f1_nofire": 0.985583,
      "val_f1_macro": 0.985982,
      "lr": 0.0008535533905932737,
      "epoch_time_seconds": 26.07
    },
    {
      "epoch": 6,
      "train_loss": 0.051098,
      "train_acc": 0.984588,
      "val_loss": 0.043973,
      "val_acc": 0.985569,
      "val_f1_fire": 0.986156,
      "val_f1_nofire": 0.984929,
      "val_f1_macro": 0.985543,
      "lr": 0.0007938926261462366,
      "epoch_time_seconds": 25.19
    },
    {
      "epoch": 7,
      "train_loss": 0.044579,
      "train_acc": 0.985969,
      "val_loss": 0.041648,
      "val_acc": 0.987691,
      "val_f1_fire": 0.988197,
      "val_f1_nofire": 0.98714,
      "val_f1_macro": 0.987668,
      "lr": 0.0007269952498697733,
      "epoch_time_seconds": 25.49
    },
    {
      "epoch": 8,
      "train_loss": 0.041737,
      "train_acc": 0.987564,
      "val_loss": 0.033204,
      "val_acc": 0.990238,
      "val_f1_fire": 0.99057,
      "val_f1_nofire": 0.989881,
      "val_f1_macro": 0.990226,
      "lr": 0.0006545084971874737,
      "epoch_time_seconds": 26.23
    },
    {
      "epoch": 9,
      "train_loss": 0.037163,
      "train_acc": 0.989052,
      "val_loss": 0.038388,
      "val_acc": 0.983447,
      "val_f1_fire": 0.98414,
      "val_f1_nofire": 0.98269,
      "val_f1_macro": 0.983415,
      "lr": 0.0005782172325201155,
      "epoch_time_seconds": 25.6
    },
    {
      "epoch": 10,
      "train_loss": 0.037441,
      "train_acc": 0.988308,
      "val_loss": 0.031746,
      "val_acc": 0.990238,
      "val_f1_fire": 0.990616,
      "val_f1_nofire": 0.989828,
      "val_f1_macro": 0.990222,
      "lr": 0.0005,
      "epoch_time_seconds": 25.57
    },
    {
      "epoch": 11,
      "train_loss": 0.033478,
      "train_acc": 0.989743,
      "val_loss": 0.027745,
      "val_acc": 0.991511,
      "val_f1_fire": 0.991817,
      "val_f1_nofire": 0.991182,
      "val_f1_macro": 0.991499,
      "lr": 0.0004217827674798847,
      "epoch_time_seconds": 25.78
    },
    {
      "epoch": 12,
      "train_loss": 0.034113,
      "train_acc": 0.989743,
      "val_loss": 0.043164,
      "val_acc": 0.988964,
      "val_f1_fire": 0.989309,
      "val_f1_nofire": 0.988596,
      "val_f1_macro": 0.988953,
      "lr": 0.00034549150281252633,
      "epoch_time_seconds": 25.64
    },
    {
      "epoch": 13,
      "train_loss": 0.037051,
      "train_acc": 0.989211,
      "val_loss": 0.035317,
      "val_acc": 0.98854,
      "val_f1_fire": 0.988975,
      "val_f1_nofire": 0.988069,
      "val_f1_macro": 0.988522,
      "lr": 0.00027300475013022663,
      "epoch_time_seconds": 25.64
    },
    {
      "epoch": 14,
      "train_loss": 0.028543,
      "train_acc": 0.990806,
      "val_loss": 0.029153,
      "val_acc": 0.989389,
      "val_f1_fire": 0.989775,
      "val_f1_nofire": 0.988972,
      "val_f1_macro": 0.989374,
      "lr": 0.00020610737385376348,
      "epoch_time_seconds": 25.51
    },
    {
      "epoch": 15,
      "train_loss": 0.024656,
      "train_acc": 0.992613,
      "val_loss": 0.030301,
      "val_acc": 0.990662,
      "val_f1_fire": 0.990998,
      "val_f1_nofire": 0.9903,
      "val_f1_macro": 0.990649,
      "lr": 0.00014644660940672625,
      "epoch_time_seconds": 25.47
    },
    {
      "epoch": 16,
      "train_loss": 0.022454,
      "train_acc": 0.99341,
      "val_loss": 0.02863,
      "val_acc": 0.991511,
      "val_f1_fire": 0.99181,
      "val_f1_nofire": 0.991189,
      "val_f1_macro": 0.9915,
      "lr": 9.549150281252631e-05,
      "epoch_time_seconds": 26.01
    }
  ]
}