{
  "model": "vit",
  "freeze_config": "freeze_patch_blocks0-3",
  "seed": 20,
  "device": "cuda",
  "gpu_name": "NVIDIA GeForce RTX 5090",
  "optimizer": "adamw",
  "lr": 0.001,
  "weight_decay": 0.01,
  "dropout": 0.1,
  "batch_size": 128,
  "grad_accum_steps": 1,
  "effective_batch_size": 128,
  "amp": false,
  "epochs_configured": 20,
  "patience": 5,
  "num_trainable_params": 56706050,
  "num_frozen_params": 29094144,
  "num_total_params": 85800194,
  "trainable_pct": 66.09,
  "dataset": {
    "train": {
      "total": 18847,
      "fire": 9763,
      "nofire": 9084
    },
    "val": {
      "total": 2356,
      "fire": 1220,
      "nofire": 1136
    },
    "test": {
      "total": 2356,
      "fire": 1221,
      "nofire": 1135
    }
  },
  "class_weights": [
    1.0374,
    0.9652
  ],
  "epochs_completed": 20,
  "early_stopped": false,
  "test_acc": 0.990238,
  "test_loss": 0.047577,
  "test_precision_fire": 0.991,
  "test_recall_fire": 0.9902,
  "test_f1_fire": 0.9906,
  "test_precision_nofire": 0.9894,
  "test_recall_nofire": 0.9903,
  "test_f1_nofire": 0.9899,
  "test_confusion_matrix": [
    [
      1124,
      11
    ],
    [
      12,
      1209
    ]
  ],
  "best_val_acc": 0.994058,
  "best_val_loss": 0.019851,
  "best_val_f1_fire": 0.994272,
  "best_val_f1_macro": 0.994049,
  "best_epoch": 15,
  "total_train_time_seconds": 520.91,
  "train_history": [
    {
      "epoch": 1,
      "train_loss": 0.275869,
      "train_acc": 0.915763,
      "val_loss": 0.068528,
      "val_acc": 0.981324,
      "val_f1_fire": 0.981923,
      "val_f1_nofire": 0.980685,
      "val_f1_macro": 0.981304,
      "lr": 0.0009938441702975688,
      "epoch_time_seconds": 26.11
    },
    {
      "epoch": 2,
      "train_loss": 0.081149,
      "train_acc": 0.972523,
      "val_loss": 0.080568,
      "val_acc": 0.97326,
      "val_f1_fire": 0.97477,
      "val_f1_nofire": 0.971558,
      "val_f1_macro": 0.973164,
      "lr": 0.0009755282581475768,
      "epoch_time_seconds": 25.79
    },
    {
      "epoch": 3,
      "train_loss": 0.057607,
      "train_acc": 0.981824,
      "val_loss": 0.046242,
      "val_acc": 0.98472,
      "val_f1_fire": 0.98533,
      "val_f1_nofire": 0.984057,
      "val_f1_macro": 0.984693,
      "lr": 0.0009455032620941839,
      "epoch_time_seconds": 25.29
    },
    {
      "epoch": 4,
      "train_loss": 0.060479,
      "train_acc": 0.979539,
      "val_loss": 0.046884,
      "val_acc": 0.98472,
      "val_f1_fire": 0.985342,
      "val_f1_nofire": 0.984043,
      "val_f1_macro": 0.984692,
      "lr": 0.0009045084971874737,
      "epoch_time_seconds": 25.43
    },
    {
      "epoch": 5,
      "train_loss": 0.049044,
      "train_acc": 0.984162,
      "val_loss": 0.038417,
      "val_acc": 0.986842,
      "val_f1_fire": 0.987373,
      "val_f1_nofire": 0.986265,
      "val_f1_macro": 0.986819,
      "lr": 0.0008535533905932737,
      "epoch_time_seconds": 25.91
    },
    {
      "epoch": 6,
      "train_loss": 0.045609,
      "train_acc": 0.985278,
      "val_loss": 0.042686,
      "val_acc": 0.983871,
      "val_f1_fire": 0.984285,
      "val_f1_nofire": 0.983435,
      "val_f1_macro": 0.98386,
      "lr": 0.0007938926261462366,
      "epoch_time_seconds": 25.8
    },
    {
      "epoch": 7,
      "train_loss": 0.039754,
      "train_acc": 0.986235,
      "val_loss": 0.037137,
      "val_acc": 0.988115,
      "val_f1_fire": 0.988543,
      "val_f1_nofire": 0.987654,
      "val_f1_macro": 0.988099,
      "lr": 0.0007269952498697733,
      "epoch_time_seconds": 26.72
    },
    {
      "epoch": 8,
      "train_loss": 0.036449,
      "train_acc": 0.989211,
      "val_loss": 0.029793,
      "val_acc": 0.990662,
      "val_f1_fire": 0.99102,
      "val_f1_nofire": 0.990274,
      "val_f1_macro": 0.990647,
      "lr": 0.0006545084971874737,
      "epoch_time_seconds": 26.0
    },
    {
      "epoch": 9,
      "train_loss": 0.035225,
      "train_acc": 0.989105,
      "val_loss": 0.03069,
      "val_acc": 0.98854,
      "val_f1_fire": 0.988948,
      "val_f1_nofire": 0.9881,
      "val_f1_macro": 0.988524,
      "lr": 0.0005782172325201155,
      "epoch_time_seconds": 25.53
    },
    {
      "epoch": 10,
      "train_loss": 0.03189,
      "train_acc": 0.98969,
      "val_loss": 0.029675,
      "val_acc": 0.989389,
      "val_f1_fire": 0.98975,
      "val_f1_nofire": 0.989001,
      "val_f1_macro": 0.989376,
      "lr": 0.0005,
      "epoch_time_seconds": 25.12
    },
    {
      "epoch": 11,
      "train_loss": 0.028538,
      "train_acc": 0.990381,
      "val_loss": 0.022335,
      "val_acc": 0.992784,
      "val_f1_fire": 0.993007,
      "val_f1_nofire": 0.992547,
      "val_f1_macro": 0.992777,
      "lr": 0.0004217827674798847,
      "epoch_time_seconds": 25.96
    },
    {
      "epoch": 12,
      "train_loss": 0.024258,
      "train_acc": 0.992666,
      "val_loss": 0.028241,
      "val_acc": 0.989813,
      "val_f1_fire": 0.99018,
      "val_f1_nofire": 0.989418,
      "val_f1_macro": 0.989799,
      "lr": 0.00034549150281252633,
      "epoch_time_seconds": 26.25
    },
    {
      "epoch": 13,
      "train_loss": 0.025728,
      "train_acc": 0.991815,
      "val_loss": 0.023708,
      "val_acc": 0.991935,
      "val_f1_fire": 0.992216,
      "val_f1_nofire": 0.991634,
      "val_f1_macro": 0.991925,
      "lr": 0.00027300475013022663,
      "epoch_time_seconds": 25.59
    },
    {
      "epoch": 14,
      "train_loss": 0.020006,
      "train_acc": 0.994207,
      "val_loss": 0.024085,
      "val_acc": 0.991511,
      "val_f1_fire": 0.991837,
      "val_f1_nofire": 0.991158,
      "val_f1_macro": 0.991498,
      "lr": 0.00020610737385376348,
      "epoch_time_seconds": 26.0
    },
    {
      "epoch": 15,
      "train_loss": 0.018058,
      "train_acc": 0.993569,
      "val_loss": 0.019851,
      "val_acc": 0.994058,
      "val_f1_fire": 0.994272,
      "val_f1_nofire": 0.993827,
      "val_f1_macro": 0.994049,
      "lr": 0.00014644660940672625,
      "epoch_time_seconds": 25.26
    },
    {
      "epoch": 16,
      "train_loss": 0.015277,
      "train_acc": 0.994579,
      "val_loss": 0.020172,
      "val_acc": 0.992784,
      "val_f1_fire": 0.993036,
      "val_f1_nofire": 0.992514,
      "val_f1_macro": 0.992775,
      "lr": 9.549150281252631e-05,
      "epoch_time_seconds": 26.81
    },
    {
      "epoch": 17,
      "train_loss": 0.01758,
      "train_acc": 0.99442,
      "val_loss": 0.020639,
      "val_acc": 0.992784,
      "val_f1_fire": 0.993036,
      "val_f1_nofire": 0.992514,
      "val_f1_macro": 0.992775,
      "lr": 5.4496737905816096e-05,
      "epoch_time_seconds": 25.67
    },
    {
      "epoch": 18,
      "train_loss": 0.01302,
      "train_acc": 0.996067,
      "val_loss": 0.022977,
      "val_acc": 0.990662,
      "val_f1_fire": 0.990991,
      "val_f1_nofire": 0.990308,
      "val_f1_macro": 0.99065,
      "lr": 2.447174185242323e-05,
      "epoch_time_seconds": 25.79
    },
    {
      "epoch": 19,
      "train_loss": 0.013684,
      "train_acc": 0.995483,
      "val_loss": 0.022887,
      "val_acc": 0.991935,
      "val_f1_fire": 0.992216,
      "val_f1_nofire": 0.991634,
      "val_f1_macro": 0.991925,
      "lr": 6.15582970243117e-06,
      "epoch_time_seconds": 26.21
    },
    {
      "epoch": 20,
      "train_loss": 0.010861,
      "train_acc": 0.996652,
      "val_loss": 0.023345,
      "val_acc": 0.991935,
      "val_f1_fire": 0.992216,
      "val_f1_nofire": 0.991634,
      "val_f1_macro": 0.991925,
      "lr": 0.0,
      "epoch_time_seconds": 25.75
    }
  ]
}