{
  "model": "vit",
  "freeze_config": "freeze_patch_blocks0-3",
  "seed": 15,
  "device": "cuda",
  "gpu_name": "NVIDIA GeForce RTX 5090",
  "optimizer": "adamw",
  "lr": 0.001,
  "weight_decay": 0.01,
  "dropout": 0.1,
  "batch_size": 128,
  "grad_accum_steps": 1,
  "effective_batch_size": 128,
  "amp": false,
  "epochs_configured": 20,
  "patience": 5,
  "num_trainable_params": 56706050,
  "num_frozen_params": 29094144,
  "num_total_params": 85800194,
  "trainable_pct": 66.09,
  "dataset": {
    "train": {
      "total": 18847,
      "fire": 9763,
      "nofire": 9084
    },
    "val": {
      "total": 2356,
      "fire": 1220,
      "nofire": 1136
    },
    "test": {
      "total": 2356,
      "fire": 1221,
      "nofire": 1135
    }
  },
  "class_weights": [
    1.0374,
    0.9652
  ],
  "epochs_completed": 15,
  "early_stopped": true,
  "test_acc": 0.984295,
  "test_loss": 0.049687,
  "test_precision_fire": 0.9893,
  "test_recall_fire": 0.9803,
  "test_f1_fire": 0.9848,
  "test_precision_nofire": 0.9791,
  "test_recall_nofire": 0.9885,
  "test_f1_nofire": 0.9838,
  "test_confusion_matrix": [
    [
      1122,
      13
    ],
    [
      24,
      1197
    ]
  ],
  "best_val_acc": 0.991087,
  "best_val_loss": 0.023677,
  "best_val_f1_fire": 0.99139,
  "best_val_f1_macro": 0.991076,
  "best_epoch": 10,
  "total_train_time_seconds": 393.53,
  "train_history": [
    {
      "epoch": 1,
      "train_loss": 0.306635,
      "train_acc": 0.892591,
      "val_loss": 0.087733,
      "val_acc": 0.967317,
      "val_f1_fire": 0.96785,
      "val_f1_nofire": 0.966767,
      "val_f1_macro": 0.967309,
      "lr": 0.0009938441702975688,
      "epoch_time_seconds": 26.55
    },
    {
      "epoch": 2,
      "train_loss": 0.085615,
      "train_acc": 0.972151,
      "val_loss": 0.054755,
      "val_acc": 0.981324,
      "val_f1_fire": 0.982055,
      "val_f1_nofire": 0.980531,
      "val_f1_macro": 0.981293,
      "lr": 0.0009755282581475768,
      "epoch_time_seconds": 25.85
    },
    {
      "epoch": 3,
      "train_loss": 0.073296,
      "train_acc": 0.976616,
      "val_loss": 0.047088,
      "val_acc": 0.983871,
      "val_f1_fire": 0.984285,
      "val_f1_nofire": 0.983435,
      "val_f1_macro": 0.98386,
      "lr": 0.0009455032620941839,
      "epoch_time_seconds": 25.69
    },
    {
      "epoch": 4,
      "train_loss": 0.06034,
      "train_acc": 0.981186,
      "val_loss": 0.046507,
      "val_acc": 0.984295,
      "val_f1_fire": 0.985002,
      "val_f1_nofire": 0.983519,
      "val_f1_macro": 0.98426,
      "lr": 0.0009045084971874737,
      "epoch_time_seconds": 25.98
    },
    {
      "epoch": 5,
      "train_loss": 0.055114,
      "train_acc": 0.983631,
      "val_loss": 0.040396,
      "val_acc": 0.987691,
      "val_f1_fire": 0.988139,
      "val_f1_nofire": 0.987208,
      "val_f1_macro": 0.987673,
      "lr": 0.0008535533905932737,
      "epoch_time_seconds": 25.4
    },
    {
      "epoch": 6,
      "train_loss": 0.053089,
      "train_acc": 0.983099,
      "val_loss": 0.033205,
      "val_acc": 0.985993,
      "val_f1_fire": 0.986503,
      "val_f1_nofire": 0.985443,
      "val_f1_macro": 0.985973,
      "lr": 0.0007938926261462366,
      "epoch_time_seconds": 26.52
    },
    {
      "epoch": 7,
      "train_loss": 0.046643,
      "train_acc": 0.985385,
      "val_loss": 0.033736,
      "val_acc": 0.988115,
      "val_f1_fire": 0.988477,
      "val_f1_nofire": 0.98773,
      "val_f1_macro": 0.988104,
      "lr": 0.0007269952498697733,
      "epoch_time_seconds": 26.13
    },
    {
      "epoch": 8,
      "train_loss": 0.043266,
      "train_acc": 0.986235,
      "val_loss": 0.044181,
      "val_acc": 0.985569,
      "val_f1_fire": 0.986212,
      "val_f1_nofire": 0.984862,
      "val_f1_macro": 0.985537,
      "lr": 0.0006545084971874737,
      "epoch_time_seconds": 25.59
    },
    {
      "epoch": 9,
      "train_loss": 0.044379,
      "train_acc": 0.985597,
      "val_loss": 0.03001,
      "val_acc": 0.98854,
      "val_f1_fire": 0.988912,
      "val_f1_nofire": 0.988142,
      "val_f1_macro": 0.988527,
      "lr": 0.0005782172325201155,
      "epoch_time_seconds": 25.8
    },
    {
      "epoch": 10,
      "train_loss": 0.03736,
      "train_acc": 0.98868,
      "val_loss": 0.023677,
      "val_acc": 0.991087,
      "val_f1_fire": 0.99139,
      "val_f1_nofire": 0.990761,
      "val_f1_macro": 0.991076,
      "lr": 0.0005,
      "epoch_time_seconds": 26.24
    },
    {
      "epoch": 11,
      "train_loss": 0.032945,
      "train_acc": 0.989796,
      "val_loss": 0.02592,
      "val_acc": 0.991087,
      "val_f1_fire": 0.991383,
      "val_f1_nofire": 0.990769,
      "val_f1_macro": 0.991076,
      "lr": 0.0004217827674798847,
      "epoch_time_seconds": 26.25
    },
    {
      "epoch": 12,
      "train_loss": 0.032233,
      "train_acc": 0.989318,
      "val_loss": 0.024844,
      "val_acc": 0.989389,
      "val_f1_fire": 0.989775,
      "val_f1_nofire": 0.988972,
      "val_f1_macro": 0.989374,
      "lr": 0.00034549150281252633,
      "epoch_time_seconds": 26.32
    },
    {
      "epoch": 13,
      "train_loss": 0.028361,
      "train_acc": 0.991071,
      "val_loss": 0.028933,
      "val_acc": 0.992784,
      "val_f1_fire": 0.993053,
      "val_f1_nofire": 0.992494,
      "val_f1_macro": 0.992774,
      "lr": 0.00027300475013022663,
      "epoch_time_seconds": 25.94
    },
    {
      "epoch": 14,
      "train_loss": 0.026675,
      "train_acc": 0.991762,
      "val_loss": 0.023832,
      "val_acc": 0.991087,
      "val_f1_fire": 0.991411,
      "val_f1_nofire": 0.990737,
      "val_f1_macro": 0.991074,
      "lr": 0.00020610737385376348,
      "epoch_time_seconds": 25.06
    },
    {
      "epoch": 15,
      "train_loss": 0.023093,
      "train_acc": 0.993516,
      "val_loss": 0.026138,
      "val_acc": 0.991511,
      "val_f1_fire": 0.991823,
      "val_f1_nofire": 0.991174,
      "val_f1_macro": 0.991499,
      "lr": 0.00014644660940672625,
      "epoch_time_seconds": 26.11
    }
  ]
}