{
  "model": "vit",
  "freeze_config": "freeze_patch_blocks0-5",
  "seed": 10,
  "device": "cuda",
  "gpu_name": "NVIDIA GeForce RTX 4070",
  "optimizer": "adamw",
  "lr": 0.001,
  "weight_decay": 0.01,
  "dropout": 0.1,
  "batch_size": 128,
  "grad_accum_steps": 1,
  "effective_batch_size": 128,
  "amp": false,
  "epochs_configured": 20,
  "patience": 5,
  "num_trainable_params": 42530306,
  "num_frozen_params": 43269888,
  "num_total_params": 85800194,
  "trainable_pct": 49.57,
  "dataset": {
    "train": {
      "total": 18847,
      "fire": 9763,
      "nofire": 9084
    },
    "val": {
      "total": 2356,
      "fire": 1220,
      "nofire": 1136
    },
    "test": {
      "total": 2356,
      "fire": 1221,
      "nofire": 1135
    }
  },
  "class_weights": [
    1.0374,
    0.9652
  ],
  "epochs_completed": 14,
  "early_stopped": true,
  "test_acc": 0.991087,
  "test_loss": 0.03109,
  "test_precision_fire": 0.9918,
  "test_recall_fire": 0.991,
  "test_f1_fire": 0.9914,
  "test_precision_nofire": 0.9903,
  "test_recall_nofire": 0.9912,
  "test_f1_nofire": 0.9908,
  "test_confusion_matrix": [
    [
      1125,
      10
    ],
    [
      11,
      1210
    ]
  ],
  "best_val_acc": 0.991087,
  "best_val_loss": 0.0335,
  "best_val_f1_fire": 0.991411,
  "best_val_f1_macro": 0.991074,
  "best_epoch": 9,
  "total_train_time_seconds": 2538.63,
  "train_history": [
    {
      "epoch": 1,
      "train_loss": 0.177475,
      "train_acc": 0.943399,
      "val_loss": 0.047247,
      "val_acc": 0.987267,
      "val_f1_fire": 0.987775,
      "val_f1_nofire": 0.986714,
      "val_f1_macro": 0.987244,
      "lr": 0.0009938441702975688,
      "epoch_time_seconds": 183.73
    },
    {
      "epoch": 2,
      "train_loss": 0.058772,
      "train_acc": 0.980602,
      "val_loss": 0.042737,
      "val_acc": 0.989813,
      "val_f1_fire": 0.99022,
      "val_f1_nofire": 0.989371,
      "val_f1_macro": 0.989796,
      "lr": 0.0009755282581475768,
      "epoch_time_seconds": 168.81
    },
    {
      "epoch": 3,
      "train_loss": 0.048187,
      "train_acc": 0.984641,
      "val_loss": 0.050281,
      "val_acc": 0.987267,
      "val_f1_fire": 0.987775,
      "val_f1_nofire": 0.986714,
      "val_f1_macro": 0.987244,
      "lr": 0.0009455032620941839,
      "epoch_time_seconds": 168.63
    },
    {
      "epoch": 4,
      "train_loss": 0.054173,
      "train_acc": 0.983099,
      "val_loss": 0.055127,
      "val_acc": 0.984295,
      "val_f1_fire": 0.985014,
      "val_f1_nofire": 0.983504,
      "val_f1_macro": 0.984259,
      "lr": 0.0009045084971874737,
      "epoch_time_seconds": 191.5
    },
    {
      "epoch": 5,
      "train_loss": 0.038989,
      "train_acc": 0.98783,
      "val_loss": 0.041962,
      "val_acc": 0.98854,
      "val_f1_fire": 0.988948,
      "val_f1_nofire": 0.9881,
      "val_f1_macro": 0.988524,
      "lr": 0.0008535533905932737,
      "epoch_time_seconds": 198.79
    },
    {
      "epoch": 6,
      "train_loss": 0.032069,
      "train_acc": 0.989955,
      "val_loss": 0.050478,
      "val_acc": 0.988964,
      "val_f1_fire": 0.98937,
      "val_f1_nofire": 0.988526,
      "val_f1_macro": 0.988948,
      "lr": 0.0007938926261462366,
      "epoch_time_seconds": 192.44
    },
    {
      "epoch": 7,
      "train_loss": 0.032445,
      "train_acc": 0.989424,
      "val_loss": 0.040169,
      "val_acc": 0.989389,
      "val_f1_fire": 0.989767,
      "val_f1_nofire": 0.988982,
      "val_f1_macro": 0.989374,
      "lr": 0.0007269952498697733,
      "epoch_time_seconds": 186.04
    },
    {
      "epoch": 8,
      "train_loss": 0.026343,
      "train_acc": 0.991497,
      "val_loss": 0.036892,
      "val_acc": 0.991087,
      "val_f1_fire": 0.991404,
      "val_f1_nofire": 0.990745,
      "val_f1_macro": 0.991074,
      "lr": 0.0006545084971874737,
      "epoch_time_seconds": 187.49
    },
    {
      "epoch": 9,
      "train_loss": 0.025736,
      "train_acc": 0.992028,
      "val_loss": 0.0335,
      "val_acc": 0.991087,
      "val_f1_fire": 0.991411,
      "val_f1_nofire": 0.990737,
      "val_f1_macro": 0.991074,
      "lr": 0.0005782172325201155,
      "epoch_time_seconds": 191.27
    },
    {
      "epoch": 10,
      "train_loss": 0.022144,
      "train_acc": 0.99341,
      "val_loss": 0.043195,
      "val_acc": 0.989389,
      "val_f1_fire": 0.9898,
      "val_f1_nofire": 0.988943,
      "val_f1_macro": 0.989372,
      "lr": 0.0005,
      "epoch_time_seconds": 179.37
    },
    {
      "epoch": 11,
      "train_loss": 0.020826,
      "train_acc": 0.993516,
      "val_loss": 0.039344,
      "val_acc": 0.99236,
      "val_f1_fire": 0.992641,
      "val_f1_nofire": 0.992056,
      "val_f1_macro": 0.992349,
      "lr": 0.0004217827674798847,
      "epoch_time_seconds": 171.92
    },
    {
      "epoch": 12,
      "train_loss": 0.018807,
      "train_acc": 0.994526,
      "val_loss": 0.04132,
      "val_acc": 0.990238,
      "val_f1_fire": 0.990593,
      "val_f1_nofire": 0.989854,
      "val_f1_macro": 0.990224,
      "lr": 0.00034549150281252633,
      "epoch_time_seconds": 171.07
    },
    {
      "epoch": 13,
      "train_loss": 0.015095,
      "train_acc": 0.995589,
      "val_loss": 0.047275,
      "val_acc": 0.990662,
      "val_f1_fire": 0.991013,
      "val_f1_nofire": 0.990283,
      "val_f1_macro": 0.990648,
      "lr": 0.00027300475013022663,
      "epoch_time_seconds": 171.82
    },
    {
      "epoch": 14,
      "train_loss": 0.014813,
      "train_acc": 0.995695,
      "val_loss": 0.05239,
      "val_acc": 0.991087,
      "val_f1_fire": 0.991432,
      "val_f1_nofire": 0.990712,
      "val_f1_macro": 0.991072,
      "lr": 0.00020610737385376348,
      "epoch_time_seconds": 171.93
    }
  ]
}