{
  "model": "vit",
  "freeze_config": "freeze_patch_blocks0-5",
  "seed": 15,
  "device": "cuda",
  "gpu_name": "NVIDIA GeForce RTX 4070",
  "optimizer": "adamw",
  "lr": 0.001,
  "weight_decay": 0.01,
  "dropout": 0.1,
  "batch_size": 128,
  "grad_accum_steps": 1,
  "effective_batch_size": 128,
  "amp": false,
  "epochs_configured": 20,
  "patience": 5,
  "num_trainable_params": 42530306,
  "num_frozen_params": 43269888,
  "num_total_params": 85800194,
  "trainable_pct": 49.57,
  "dataset": {
    "train": {
      "total": 18847,
      "fire": 9763,
      "nofire": 9084
    },
    "val": {
      "total": 2356,
      "fire": 1220,
      "nofire": 1136
    },
    "test": {
      "total": 2356,
      "fire": 1221,
      "nofire": 1135
    }
  },
  "class_weights": [
    1.0374,
    0.9652
  ],
  "epochs_completed": 10,
  "early_stopped": true,
  "test_acc": 0.989389,
  "test_loss": 0.042045,
  "test_precision_fire": 0.995,
  "test_recall_fire": 0.9844,
  "test_f1_fire": 0.9897,
  "test_precision_nofire": 0.9834,
  "test_recall_nofire": 0.9947,
  "test_f1_nofire": 0.989,
  "test_confusion_matrix": [
    [
      1129,
      6
    ],
    [
      19,
      1202
    ]
  ],
  "best_val_acc": 0.985569,
  "best_val_loss": 0.042588,
  "best_val_f1_fire": 0.985962,
  "best_val_f1_macro": 0.985557,
  "best_epoch": 5,
  "total_train_time_seconds": 1726.49,
  "train_history": [
    {
      "epoch": 1,
      "train_loss": 0.15265,
      "train_acc": 0.948767,
      "val_loss": 0.045127,
      "val_acc": 0.987267,
      "val_f1_fire": 0.987705,
      "val_f1_nofire": 0.986796,
      "val_f1_macro": 0.98725,
      "lr": 0.0009938441702975688,
      "epoch_time_seconds": 174.17
    },
    {
      "epoch": 2,
      "train_loss": 0.055784,
      "train_acc": 0.982302,
      "val_loss": 0.046567,
      "val_acc": 0.988115,
      "val_f1_fire": 0.988543,
      "val_f1_nofire": 0.987654,
      "val_f1_macro": 0.988099,
      "lr": 0.0009755282581475768,
      "epoch_time_seconds": 172.22
    },
    {
      "epoch": 3,
      "train_loss": 0.106767,
      "train_acc": 0.960512,
      "val_loss": 0.060455,
      "val_acc": 0.981324,
      "val_f1_fire": 0.982011,
      "val_f1_nofire": 0.980583,
      "val_f1_macro": 0.981297,
      "lr": 0.0009455032620941839,
      "epoch_time_seconds": 171.46
    },
    {
      "epoch": 4,
      "train_loss": 0.057354,
      "train_acc": 0.98209,
      "val_loss": 0.044552,
      "val_acc": 0.985993,
      "val_f1_fire": 0.986547,
      "val_f1_nofire": 0.985392,
      "val_f1_macro": 0.985969,
      "lr": 0.0009045084971874737,
      "epoch_time_seconds": 171.84
    },
    {
      "epoch": 5,
      "train_loss": 0.047567,
      "train_acc": 0.984906,
      "val_loss": 0.042588,
      "val_acc": 0.985569,
      "val_f1_fire": 0.985962,
      "val_f1_nofire": 0.985153,
      "val_f1_macro": 0.985557,
      "lr": 0.0008535533905932737,
      "epoch_time_seconds": 172.57
    },
    {
      "epoch": 6,
      "train_loss": 0.038031,
      "train_acc": 0.988574,
      "val_loss": 0.047203,
      "val_acc": 0.986418,
      "val_f1_fire": 0.986949,
      "val_f1_nofire": 0.985841,
      "val_f1_macro": 0.986395,
      "lr": 0.0007938926261462366,
      "epoch_time_seconds": 172.88
    },
    {
      "epoch": 7,
      "train_loss": 0.036276,
      "train_acc": 0.989052,
      "val_loss": 0.056167,
      "val_acc": 0.98472,
      "val_f1_fire": 0.985378,
      "val_f1_nofire": 0.984,
      "val_f1_macro": 0.984689,
      "lr": 0.0007269952498697733,
      "epoch_time_seconds": 173.79
    },
    {
      "epoch": 8,
      "train_loss": 0.031265,
      "train_acc": 0.990912,
      "val_loss": 0.04471,
      "val_acc": 0.988115,
      "val_f1_fire": 0.988609,
      "val_f1_nofire": 0.987578,
      "val_f1_macro": 0.988093,
      "lr": 0.0006545084971874737,
      "epoch_time_seconds": 172.59
    },
    {
      "epoch": 9,
      "train_loss": 0.031731,
      "train_acc": 0.990912,
      "val_loss": 0.043966,
      "val_acc": 0.990238,
      "val_f1_fire": 0.990593,
      "val_f1_nofire": 0.989854,
      "val_f1_macro": 0.990224,
      "lr": 0.0005782172325201155,
      "epoch_time_seconds": 171.64
    },
    {
      "epoch": 10,
      "train_loss": 0.025047,
      "train_acc": 0.992188,
      "val_loss": 0.045644,
      "val_acc": 0.986842,
      "val_f1_fire": 0.987373,
      "val_f1_nofire": 0.986265,
      "val_f1_macro": 0.986819,
      "lr": 0.0005,
      "epoch_time_seconds": 171.92
    }
  ]
}