{
  "model": "vit",
  "freeze_config": "freeze_patch_blocks0-5",
  "seed": 20,
  "device": "cuda",
  "gpu_name": "NVIDIA GeForce RTX 5080",
  "optimizer": "adamw",
  "lr": 0.001,
  "weight_decay": 0.01,
  "dropout": 0.1,
  "batch_size": 128,
  "grad_accum_steps": 1,
  "effective_batch_size": 128,
  "amp": true,
  "epochs_configured": 20,
  "patience": 5,
  "num_trainable_params": 42530306,
  "num_frozen_params": 43269888,
  "num_total_params": 85800194,
  "trainable_pct": 49.57,
  "dataset": {
    "train": {
      "total": 18847,
      "fire": 9763,
      "nofire": 9084
    },
    "val": {
      "total": 2356,
      "fire": 1220,
      "nofire": 1136
    },
    "test": {
      "total": 2356,
      "fire": 1221,
      "nofire": 1135
    }
  },
  "class_weights": [
    1.0374,
    0.9652
  ],
  "epochs_completed": 17,
  "early_stopped": true,
  "test_acc": 0.991935,
  "test_loss": 0.032429,
  "test_precision_fire": 0.9951,
  "test_recall_fire": 0.9894,
  "test_f1_fire": 0.9922,
  "test_precision_nofire": 0.9886,
  "test_recall_nofire": 0.9947,
  "test_f1_nofire": 0.9917,
  "test_confusion_matrix": [
    [
      1129,
      6
    ],
    [
      13,
      1208
    ]
  ],
  "best_val_acc": 0.993633,
  "best_val_loss": 0.023536,
  "best_val_f1_fire": 0.993845,
  "best_val_f1_macro": 0.993626,
  "best_epoch": 12,
  "total_train_time_seconds": 590.24,
  "train_history": [
    {
      "epoch": 1,
      "train_loss": 0.159797,
      "train_acc": 0.945366,
      "val_loss": 0.040852,
      "val_acc": 0.989389,
      "val_f1_fire": 0.989817,
      "val_f1_nofire": 0.988923,
      "val_f1_macro": 0.98937,
      "lr": 0.0009938441702975688,
      "epoch_time_seconds": 35.35
    },
    {
      "epoch": 2,
      "train_loss": 0.058549,
      "train_acc": 0.980761,
      "val_loss": 0.053634,
      "val_acc": 0.982173,
      "val_f1_fire": 0.983051,
      "val_f1_nofire": 0.9812,
      "val_f1_macro": 0.982125,
      "lr": 0.0009755282581475768,
      "epoch_time_seconds": 34.23
    },
    {
      "epoch": 3,
      "train_loss": 0.045197,
      "train_acc": 0.985704,
      "val_loss": 0.026148,
      "val_acc": 0.991087,
      "val_f1_fire": 0.991383,
      "val_f1_nofire": 0.990769,
      "val_f1_macro": 0.991076,
      "lr": 0.0009455032620941839,
      "epoch_time_seconds": 33.42
    },
    {
      "epoch": 4,
      "train_loss": 0.046997,
      "train_acc": 0.985385,
      "val_loss": 0.05381,
      "val_acc": 0.983022,
      "val_f1_fire": 0.983832,
      "val_f1_nofire": 0.982127,
      "val_f1_macro": 0.982979,
      "lr": 0.0009045084971874737,
      "epoch_time_seconds": 34.59
    },
    {
      "epoch": 5,
      "train_loss": 0.03569,
      "train_acc": 0.989052,
      "val_loss": 0.030414,
      "val_acc": 0.991511,
      "val_f1_fire": 0.99181,
      "val_f1_nofire": 0.991189,
      "val_f1_macro": 0.9915,
      "lr": 0.0008535533905932737,
      "epoch_time_seconds": 33.47
    },
    {
      "epoch": 6,
      "train_loss": 0.034598,
      "train_acc": 0.988839,
      "val_loss": 0.031319,
      "val_acc": 0.991087,
      "val_f1_fire": 0.991383,
      "val_f1_nofire": 0.990769,
      "val_f1_macro": 0.991076,
      "lr": 0.0007938926261462366,
      "epoch_time_seconds": 34.26
    },
    {
      "epoch": 7,
      "train_loss": 0.029517,
      "train_acc": 0.990753,
      "val_loss": 0.02515,
      "val_acc": 0.991935,
      "val_f1_fire": 0.992229,
      "val_f1_nofire": 0.991619,
      "val_f1_macro": 0.991924,
      "lr": 0.0007269952498697733,
      "epoch_time_seconds": 34.37
    },
    {
      "epoch": 8,
      "train_loss": 0.026506,
      "train_acc": 0.991284,
      "val_loss": 0.030811,
      "val_acc": 0.990662,
      "val_f1_fire": 0.990991,
      "val_f1_nofire": 0.990308,
      "val_f1_macro": 0.99065,
      "lr": 0.0006545084971874737,
      "epoch_time_seconds": 33.12
    },
    {
      "epoch": 9,
      "train_loss": 0.024962,
      "train_acc": 0.992188,
      "val_loss": 0.028711,
      "val_acc": 0.993209,
      "val_f1_fire": 0.993453,
      "val_f1_nofire": 0.992945,
      "val_f1_macro": 0.993199,
      "lr": 0.0005782172325201155,
      "epoch_time_seconds": 34.05
    },
    {
      "epoch": 10,
      "train_loss": 0.020499,
      "train_acc": 0.994048,
      "val_loss": 0.024535,
      "val_acc": 0.992784,
      "val_f1_fire": 0.993053,
      "val_f1_nofire": 0.992494,
      "val_f1_macro": 0.992774,
      "lr": 0.0005,
      "epoch_time_seconds": 34.44
    },
    {
      "epoch": 11,
      "train_loss": 0.016206,
      "train_acc": 0.994632,
      "val_loss": 0.02971,
      "val_acc": 0.993633,
      "val_f1_fire": 0.99385,
      "val_f1_nofire": 0.993401,
      "val_f1_macro": 0.993625,
      "lr": 0.0004217827674798847,
      "epoch_time_seconds": 34.49
    },
    {
      "epoch": 12,
      "train_loss": 0.018584,
      "train_acc": 0.993729,
      "val_loss": 0.023536,
      "val_acc": 0.993633,
      "val_f1_fire": 0.993845,
      "val_f1_nofire": 0.993407,
      "val_f1_macro": 0.993626,
      "lr": 0.00034549150281252633,
      "epoch_time_seconds": 35.26
    },
    {
      "epoch": 13,
      "train_loss": 0.014186,
      "train_acc": 0.994898,
      "val_loss": 0.028815,
      "val_acc": 0.99236,
      "val_f1_fire": 0.992641,
      "val_f1_nofire": 0.992056,
      "val_f1_macro": 0.992349,
      "lr": 0.00027300475013022663,
      "epoch_time_seconds": 34.17
    },
    {
      "epoch": 14,
      "train_loss": 0.012534,
      "train_acc": 0.995748,
      "val_loss": 0.033843,
      "val_acc": 0.991087,
      "val_f1_fire": 0.991376,
      "val_f1_nofire": 0.990777,
      "val_f1_macro": 0.991077,
      "lr": 0.00020610737385376348,
      "epoch_time_seconds": 33.8
    },
    {
      "epoch": 15,
      "train_loss": 0.011939,
      "train_acc": 0.995961,
      "val_loss": 0.029112,
      "val_acc": 0.993209,
      "val_f1_fire": 0.993448,
      "val_f1_nofire": 0.992952,
      "val_f1_macro": 0.9932,
      "lr": 0.00014644660940672625,
      "epoch_time_seconds": 33.68
    },
    {
      "epoch": 16,
      "train_loss": 0.008902,
      "train_acc": 0.997502,
      "val_loss": 0.02873,
      "val_acc": 0.992784,
      "val_f1_fire": 0.993047,
      "val_f1_nofire": 0.992501,
      "val_f1_macro": 0.992774,
      "lr": 9.549150281252631e-05,
      "epoch_time_seconds": 34.12
    },
    {
      "epoch": 17,
      "train_loss": 0.008984,
      "train_acc": 0.996811,
      "val_loss": 0.027375,
      "val_acc": 0.994058,
      "val_f1_fire": 0.994267,
      "val_f1_nofire": 0.993833,
      "val_f1_macro": 0.99405,
      "lr": 5.4496737905816096e-05,
      "epoch_time_seconds": 33.48
    }
  ]
}