{
  "model": "hybrid",
  "freeze_config": "freeze_backbone_proj",
  "seed": 20,
  "device": "cuda",
  "gpu_name": "NVIDIA GeForce RTX 4090",
  "optimizer": "adamw",
  "lr": 0.001,
  "weight_decay": 0.01,
  "dropout": 0.1,
  "batch_size": 128,
  "grad_accum_steps": 1,
  "effective_batch_size": 128,
  "amp": true,
  "epochs_configured": 20,
  "patience": 5,
  "num_trainable_params": 85209602,
  "num_frozen_params": 9330496,
  "num_total_params": 94540098,
  "trainable_pct": 90.13,
  "dataset": {
    "train": {
      "total": 18847,
      "fire": 9763,
      "nofire": 9084
    },
    "val": {
      "total": 2356,
      "fire": 1220,
      "nofire": 1136
    },
    "test": {
      "total": 2356,
      "fire": 1221,
      "nofire": 1135
    }
  },
  "class_weights": [
    1.0374,
    0.9652
  ],
  "epochs_completed": 20,
  "early_stopped": false,
  "test_acc": 0.985993,
  "test_loss": 0.047037,
  "test_precision_fire": 0.9925,
  "test_recall_fire": 0.9803,
  "test_f1_fire": 0.9864,
  "test_precision_nofire": 0.9791,
  "test_recall_nofire": 0.9921,
  "test_f1_nofire": 0.9856,
  "test_confusion_matrix": [
    [
      1126,
      9
    ],
    [
      24,
      1197
    ]
  ],
  "best_val_acc": 0.984295,
  "best_val_loss": 0.048461,
  "best_val_f1_fire": 0.984867,
  "best_val_f1_macro": 0.984273,
  "best_epoch": 16,
  "total_train_time_seconds": 792.5,
  "train_history": [
    {
      "epoch": 1,
      "train_loss": 0.65254,
      "train_acc": 0.69409,
      "val_loss": 0.297097,
      "val_acc": 0.870119,
      "val_f1_fire": 0.857807,
      "val_f1_nofire": 0.880469,
      "val_f1_macro": 0.869138,
      "lr": 0.0009938441702975688,
      "epoch_time_seconds": 40.08
    },
    {
      "epoch": 2,
      "train_loss": 0.243335,
      "train_acc": 0.904071,
      "val_loss": 0.139075,
      "val_acc": 0.952462,
      "val_f1_fire": 0.953757,
      "val_f1_nofire": 0.951092,
      "val_f1_macro": 0.952424,
      "lr": 0.0009755282581475768,
      "epoch_time_seconds": 38.45
    },
    {
      "epoch": 3,
      "train_loss": 0.184997,
      "train_acc": 0.929953,
      "val_loss": 0.100857,
      "val_acc": 0.964346,
      "val_f1_fire": 0.965116,
      "val_f1_nofire": 0.963542,
      "val_f1_macro": 0.964329,
      "lr": 0.0009455032620941839,
      "epoch_time_seconds": 38.54
    },
    {
      "epoch": 4,
      "train_loss": 0.160543,
      "train_acc": 0.940689,
      "val_loss": 0.080231,
      "val_acc": 0.971562,
      "val_f1_fire": 0.972417,
      "val_f1_nofire": 0.970653,
      "val_f1_macro": 0.971535,
      "lr": 0.0009045084971874737,
      "epoch_time_seconds": 38.72
    },
    {
      "epoch": 5,
      "train_loss": 0.138026,
      "train_acc": 0.948023,
      "val_loss": 0.069406,
      "val_acc": 0.977929,
      "val_f1_fire": 0.978741,
      "val_f1_nofire": 0.977052,
      "val_f1_macro": 0.977896,
      "lr": 0.0008535533905932737,
      "epoch_time_seconds": 38.56
    },
    {
      "epoch": 6,
      "train_loss": 0.128623,
      "train_acc": 0.954507,
      "val_loss": 0.107824,
      "val_acc": 0.959253,
      "val_f1_fire": 0.959425,
      "val_f1_nofire": 0.959079,
      "val_f1_macro": 0.959252,
      "lr": 0.0007938926261462366,
      "epoch_time_seconds": 38.51
    },
    {
      "epoch": 7,
      "train_loss": 0.142837,
      "train_acc": 0.947226,
      "val_loss": 0.073215,
      "val_acc": 0.97708,
      "val_f1_fire": 0.977941,
      "val_f1_nofire": 0.976148,
      "val_f1_macro": 0.977045,
      "lr": 0.0007269952498697733,
      "epoch_time_seconds": 38.49
    },
    {
      "epoch": 8,
      "train_loss": 0.113838,
      "train_acc": 0.959343,
      "val_loss": 0.073322,
      "val_acc": 0.975382,
      "val_f1_fire": 0.975894,
      "val_f1_nofire": 0.974848,
      "val_f1_macro": 0.975371,
      "lr": 0.0006545084971874737,
      "epoch_time_seconds": 38.66
    },
    {
      "epoch": 9,
      "train_loss": 0.103386,
      "train_acc": 0.964126,
      "val_loss": 0.069116,
      "val_acc": 0.976231,
      "val_f1_fire": 0.976802,
      "val_f1_nofire": 0.975631,
      "val_f1_macro": 0.976216,
      "lr": 0.0005782172325201155,
      "epoch_time_seconds": 38.49
    },
    {
      "epoch": 10,
      "train_loss": 0.098947,
      "train_acc": 0.965295,
      "val_loss": 0.058191,
      "val_acc": 0.979626,
      "val_f1_fire": 0.980231,
      "val_f1_nofire": 0.978984,
      "val_f1_macro": 0.979607,
      "lr": 0.0005,
      "epoch_time_seconds": 38.55
    },
    {
      "epoch": 11,
      "train_loss": 0.08994,
      "train_acc": 0.968856,
      "val_loss": 0.054864,
      "val_acc": 0.981324,
      "val_f1_fire": 0.981967,
      "val_f1_nofire": 0.980634,
      "val_f1_macro": 0.981301,
      "lr": 0.0004217827674798847,
      "epoch_time_seconds": 38.67
    },
    {
      "epoch": 12,
      "train_loss": 0.085912,
      "train_acc": 0.9696,
      "val_loss": 0.06138,
      "val_acc": 0.978353,
      "val_f1_fire": 0.97931,
      "val_f1_nofire": 0.977303,
      "val_f1_macro": 0.978307,
      "lr": 0.00034549150281252633,
      "epoch_time_seconds": 38.53
    },
    {
      "epoch": 13,
      "train_loss": 0.081141,
      "train_acc": 0.973958,
      "val_loss": 0.063371,
      "val_acc": 0.979626,
      "val_f1_fire": 0.980116,
      "val_f1_nofire": 0.979112,
      "val_f1_macro": 0.979614,
      "lr": 0.00027300475013022663,
      "epoch_time_seconds": 38.65
    },
    {
      "epoch": 14,
      "train_loss": 0.078432,
      "train_acc": 0.972895,
      "val_loss": 0.051851,
      "val_acc": 0.983871,
      "val_f1_fire": 0.984401,
      "val_f1_nofire": 0.983304,
      "val_f1_macro": 0.983852,
      "lr": 0.00020610737385376348,
      "epoch_time_seconds": 49.92
    },
    {
      "epoch": 15,
      "train_loss": 0.07441,
      "train_acc": 0.97433,
      "val_loss": 0.052177,
      "val_acc": 0.983022,
      "val_f1_fire": 0.98362,
      "val_f1_nofire": 0.982379,
      "val_f1_macro": 0.982999,
      "lr": 0.00014644660940672625,
      "epoch_time_seconds": 38.55
    },
    {
      "epoch": 16,
      "train_loss": 0.071113,
      "train_acc": 0.977094,
      "val_loss": 0.048461,
      "val_acc": 0.984295,
      "val_f1_fire": 0.984867,
      "val_f1_nofire": 0.983679,
      "val_f1_macro": 0.984273,
      "lr": 9.549150281252631e-05,
      "epoch_time_seconds": 38.58
    },
    {
      "epoch": 17,
      "train_loss": 0.068184,
      "train_acc": 0.977307,
      "val_loss": 0.049482,
      "val_acc": 0.985144,
      "val_f1_fire": 0.985626,
      "val_f1_nofire": 0.984629,
      "val_f1_macro": 0.985128,
      "lr": 5.4496737905816096e-05,
      "epoch_time_seconds": 38.62
    },
    {
      "epoch": 18,
      "train_loss": 0.066113,
      "train_acc": 0.978104,
      "val_loss": 0.049314,
      "val_acc": 0.98472,
      "val_f1_fire": 0.985222,
      "val_f1_nofire": 0.984183,
      "val_f1_macro": 0.984702,
      "lr": 2.447174185242323e-05,
      "epoch_time_seconds": 38.62
    },
    {
      "epoch": 19,
      "train_loss": 0.066854,
      "train_acc": 0.976616,
      "val_loss": 0.049151,
      "val_acc": 0.98472,
      "val_f1_fire": 0.985222,
      "val_f1_nofire": 0.984183,
      "val_f1_macro": 0.984702,
      "lr": 6.15582970243117e-06,
      "epoch_time_seconds": 38.66
    },
    {
      "epoch": 20,
      "train_loss": 0.063474,
      "train_acc": 0.978263,
      "val_loss": 0.048634,
      "val_acc": 0.985569,
      "val_f1_fire": 0.986077,
      "val_f1_nofire": 0.985022,
      "val_f1_macro": 0.98555,
      "lr": 0.0,
      "epoch_time_seconds": 38.69
    }
  ]
}