{
  "model": "hybrid",
  "freeze_config": "freeze_backbone_proj",
  "seed": 10,
  "device": "cuda",
  "gpu_name": "NVIDIA GeForce RTX 4090",
  "optimizer": "adamw",
  "lr": 0.001,
  "weight_decay": 0.01,
  "dropout": 0.1,
  "batch_size": 128,
  "grad_accum_steps": 1,
  "effective_batch_size": 128,
  "amp": true,
  "epochs_configured": 20,
  "patience": 5,
  "num_trainable_params": 85209602,
  "num_frozen_params": 9330496,
  "num_total_params": 94540098,
  "trainable_pct": 90.13,
  "dataset": {
    "train": {
      "total": 18847,
      "fire": 9763,
      "nofire": 9084
    },
    "val": {
      "total": 2356,
      "fire": 1220,
      "nofire": 1136
    },
    "test": {
      "total": 2356,
      "fire": 1221,
      "nofire": 1135
    }
  },
  "class_weights": [
    1.0374,
    0.9652
  ],
  "epochs_completed": 20,
  "early_stopped": false,
  "test_acc": 0.98854,
  "test_loss": 0.036666,
  "test_precision_fire": 0.9918,
  "test_recall_fire": 0.9861,
  "test_f1_fire": 0.9889,
  "test_precision_nofire": 0.9851,
  "test_recall_nofire": 0.9912,
  "test_f1_nofire": 0.9881,
  "test_confusion_matrix": [
    [
      1125,
      10
    ],
    [
      17,
      1204
    ]
  ],
  "best_val_acc": 0.985993,
  "best_val_loss": 0.042354,
  "best_val_f1_fire": 0.98647,
  "best_val_f1_macro": 0.985976,
  "best_epoch": 18,
  "total_train_time_seconds": 782.6,
  "train_history": [
    {
      "epoch": 1,
      "train_loss": 0.681579,
      "train_acc": 0.655559,
      "val_loss": 0.153452,
      "val_acc": 0.949491,
      "val_f1_fire": 0.951289,
      "val_f1_nofire": 0.947554,
      "val_f1_macro": 0.949422,
      "lr": 0.0009938441702975688,
      "epoch_time_seconds": 40.37
    },
    {
      "epoch": 2,
      "train_loss": 0.184771,
      "train_acc": 0.93091,
      "val_loss": 0.110917,
      "val_acc": 0.962224,
      "val_f1_fire": 0.962839,
      "val_f1_nofire": 0.961588,
      "val_f1_macro": 0.962214,
      "lr": 0.0009755282581475768,
      "epoch_time_seconds": 38.54
    },
    {
      "epoch": 3,
      "train_loss": 0.134195,
      "train_acc": 0.950202,
      "val_loss": 0.089315,
      "val_acc": 0.969864,
      "val_f1_fire": 0.971032,
      "val_f1_nofire": 0.968598,
      "val_f1_macro": 0.969815,
      "lr": 0.0009455032620941839,
      "epoch_time_seconds": 38.89
    },
    {
      "epoch": 4,
      "train_loss": 0.118591,
      "train_acc": 0.958652,
      "val_loss": 0.076734,
      "val_acc": 0.971562,
      "val_f1_fire": 0.972048,
      "val_f1_nofire": 0.971058,
      "val_f1_macro": 0.971553,
      "lr": 0.0009045084971874737,
      "epoch_time_seconds": 38.52
    },
    {
      "epoch": 5,
      "train_loss": 0.108128,
      "train_acc": 0.960672,
      "val_loss": 0.070676,
      "val_acc": 0.974109,
      "val_f1_fire": 0.975092,
      "val_f1_nofire": 0.973045,
      "val_f1_macro": 0.974068,
      "lr": 0.0008535533905932737,
      "epoch_time_seconds": 38.51
    },
    {
      "epoch": 6,
      "train_loss": 0.101272,
      "train_acc": 0.964764,
      "val_loss": 0.08195,
      "val_acc": 0.974109,
      "val_f1_fire": 0.975294,
      "val_f1_nofire": 0.972804,
      "val_f1_macro": 0.974049,
      "lr": 0.0007938926261462366,
      "epoch_time_seconds": 38.51
    },
    {
      "epoch": 7,
      "train_loss": 0.095536,
      "train_acc": 0.965933,
      "val_loss": 0.060156,
      "val_acc": 0.977504,
      "val_f1_fire": 0.977999,
      "val_f1_nofire": 0.976987,
      "val_f1_macro": 0.977493,
      "lr": 0.0007269952498697733,
      "epoch_time_seconds": 38.43
    },
    {
      "epoch": 8,
      "train_loss": 0.096049,
      "train_acc": 0.965561,
      "val_loss": 0.06304,
      "val_acc": 0.980051,
      "val_f1_fire": 0.980554,
      "val_f1_nofire": 0.979521,
      "val_f1_macro": 0.980038,
      "lr": 0.0006545084971874737,
      "epoch_time_seconds": 38.53
    },
    {
      "epoch": 9,
      "train_loss": 0.085113,
      "train_acc": 0.969388,
      "val_loss": 0.051047,
      "val_acc": 0.9809,
      "val_f1_fire": 0.981474,
      "val_f1_nofire": 0.980289,
      "val_f1_macro": 0.980881,
      "lr": 0.0005782172325201155,
      "epoch_time_seconds": 38.76
    },
    {
      "epoch": 10,
      "train_loss": 0.081313,
      "train_acc": 0.971992,
      "val_loss": 0.052747,
      "val_acc": 0.981749,
      "val_f1_fire": 0.982312,
      "val_f1_nofire": 0.981149,
      "val_f1_macro": 0.98173,
      "lr": 0.0005,
      "epoch_time_seconds": 38.64
    },
    {
      "epoch": 11,
      "train_loss": 0.075338,
      "train_acc": 0.974224,
      "val_loss": 0.056679,
      "val_acc": 0.98472,
      "val_f1_fire": 0.985318,
      "val_f1_nofire": 0.984071,
      "val_f1_macro": 0.984694,
      "lr": 0.0004217827674798847,
      "epoch_time_seconds": 38.64
    },
    {
      "epoch": 12,
      "train_loss": 0.072824,
      "train_acc": 0.974437,
      "val_loss": 0.048797,
      "val_acc": 0.983022,
      "val_f1_fire": 0.983498,
      "val_f1_nofire": 0.982517,
      "val_f1_macro": 0.983008,
      "lr": 0.00034549150281252633,
      "epoch_time_seconds": 38.47
    },
    {
      "epoch": 13,
      "train_loss": 0.069646,
      "train_acc": 0.976244,
      "val_loss": 0.047299,
      "val_acc": 0.985569,
      "val_f1_fire": 0.986043,
      "val_f1_nofire": 0.985062,
      "val_f1_macro": 0.985552,
      "lr": 0.00027300475013022663,
      "epoch_time_seconds": 38.56
    },
    {
      "epoch": 14,
      "train_loss": 0.066182,
      "train_acc": 0.978051,
      "val_loss": 0.050917,
      "val_acc": 0.98472,
      "val_f1_fire": 0.985294,
      "val_f1_nofire": 0.984099,
      "val_f1_macro": 0.984697,
      "lr": 0.00020610737385376348,
      "epoch_time_seconds": 38.49
    },
    {
      "epoch": 15,
      "train_loss": 0.06349,
      "train_acc": 0.978476,
      "val_loss": 0.047336,
      "val_acc": 0.984295,
      "val_f1_fire": 0.984755,
      "val_f1_nofire": 0.983807,
      "val_f1_macro": 0.984281,
      "lr": 0.00014644660940672625,
      "epoch_time_seconds": 38.51
    },
    {
      "epoch": 16,
      "train_loss": 0.06416,
      "train_acc": 0.976456,
      "val_loss": 0.045039,
      "val_acc": 0.985144,
      "val_f1_fire": 0.985662,
      "val_f1_nofire": 0.984588,
      "val_f1_macro": 0.985125,
      "lr": 9.549150281252631e-05,
      "epoch_time_seconds": 38.57
    },
    {
      "epoch": 17,
      "train_loss": 0.060224,
      "train_acc": 0.979539,
      "val_loss": 0.044024,
      "val_acc": 0.985993,
      "val_f1_fire": 0.986459,
      "val_f1_nofire": 0.985495,
      "val_f1_macro": 0.985977,
      "lr": 5.4496737905816096e-05,
      "epoch_time_seconds": 38.49
    },
    {
      "epoch": 18,
      "train_loss": 0.057158,
      "train_acc": 0.980867,
      "val_loss": 0.042354,
      "val_acc": 0.985993,
      "val_f1_fire": 0.98647,
      "val_f1_nofire": 0.985482,
      "val_f1_macro": 0.985976,
      "lr": 2.447174185242323e-05,
      "epoch_time_seconds": 38.38
    },
    {
      "epoch": 19,
      "train_loss": 0.057943,
      "train_acc": 0.979486,
      "val_loss": 0.043554,
      "val_acc": 0.985144,
      "val_f1_fire": 0.98565,
      "val_f1_nofire": 0.984602,
      "val_f1_macro": 0.985126,
      "lr": 6.15582970243117e-06,
      "epoch_time_seconds": 38.55
    },
    {
      "epoch": 20,
      "train_loss": 0.05667,
      "train_acc": 0.981186,
      "val_loss": 0.043258,
      "val_acc": 0.985144,
      "val_f1_fire": 0.985638,
      "val_f1_nofire": 0.984615,
      "val_f1_macro": 0.985127,
      "lr": 0.0,
      "epoch_time_seconds": 38.57
    }
  ]
}