{
  "model": "hybrid",
  "freeze_config": "freeze_backbone_proj",
  "seed": 15,
  "device": "cuda",
  "gpu_name": "NVIDIA GeForce RTX 4090",
  "optimizer": "adamw",
  "lr": 0.001,
  "weight_decay": 0.01,
  "dropout": 0.1,
  "batch_size": 128,
  "grad_accum_steps": 1,
  "effective_batch_size": 128,
  "amp": true,
  "epochs_configured": 20,
  "patience": 5,
  "num_trainable_params": 85209602,
  "num_frozen_params": 9330496,
  "num_total_params": 94540098,
  "trainable_pct": 90.13,
  "dataset": {
    "train": {
      "total": 18847,
      "fire": 9763,
      "nofire": 9084
    },
    "val": {
      "total": 2356,
      "fire": 1220,
      "nofire": 1136
    },
    "test": {
      "total": 2356,
      "fire": 1221,
      "nofire": 1135
    }
  },
  "class_weights": [
    1.0374,
    0.9652
  ],
  "epochs_completed": 20,
  "early_stopped": false,
  "test_acc": 0.989813,
  "test_loss": 0.037023,
  "test_precision_fire": 0.9918,
  "test_recall_fire": 0.9885,
  "test_f1_fire": 0.9902,
  "test_precision_nofire": 0.9877,
  "test_recall_nofire": 0.9912,
  "test_f1_nofire": 0.9894,
  "test_confusion_matrix": [
    [
      1125,
      10
    ],
    [
      14,
      1207
    ]
  ],
  "best_val_acc": 0.987267,
  "best_val_loss": 0.038707,
  "best_val_f1_fire": 0.987705,
  "best_val_f1_macro": 0.98725,
  "best_epoch": 19,
  "total_train_time_seconds": 797.7,
  "train_history": [
    {
      "epoch": 1,
      "train_loss": 0.772973,
      "train_acc": 0.528752,
      "val_loss": 0.382906,
      "val_acc": 0.849745,
      "val_f1_fire": 0.836716,
      "val_f1_nofire": 0.860849,
      "val_f1_macro": 0.848782,
      "lr": 0.0009938441702975688,
      "epoch_time_seconds": 40.13
    },
    {
      "epoch": 2,
      "train_loss": 0.22508,
      "train_acc": 0.913053,
      "val_loss": 0.102876,
      "val_acc": 0.960526,
      "val_f1_fire": 0.961807,
      "val_f1_nofire": 0.959157,
      "val_f1_macro": 0.960482,
      "lr": 0.0009755282581475768,
      "epoch_time_seconds": 38.66
    },
    {
      "epoch": 3,
      "train_loss": 0.141903,
      "train_acc": 0.946747,
      "val_loss": 0.085801,
      "val_acc": 0.971138,
      "val_f1_fire": 0.971808,
      "val_f1_nofire": 0.970435,
      "val_f1_macro": 0.971121,
      "lr": 0.0009455032620941839,
      "epoch_time_seconds": 47.79
    },
    {
      "epoch": 4,
      "train_loss": 0.121328,
      "train_acc": 0.955676,
      "val_loss": 0.080904,
      "val_acc": 0.97326,
      "val_f1_fire": 0.974504,
      "val_f1_nofire": 0.971888,
      "val_f1_macro": 0.973196,
      "lr": 0.0009045084971874737,
      "epoch_time_seconds": 38.45
    },
    {
      "epoch": 5,
      "train_loss": 0.107858,
      "train_acc": 0.960406,
      "val_loss": 0.06158,
      "val_acc": 0.97708,
      "val_f1_fire": 0.977887,
      "val_f1_nofire": 0.976211,
      "val_f1_macro": 0.977049,
      "lr": 0.0008535533905932737,
      "epoch_time_seconds": 38.51
    },
    {
      "epoch": 6,
      "train_loss": 0.100284,
      "train_acc": 0.964711,
      "val_loss": 0.060876,
      "val_acc": 0.981324,
      "val_f1_fire": 0.982011,
      "val_f1_nofire": 0.980583,
      "val_f1_macro": 0.981297,
      "lr": 0.0007938926261462366,
      "epoch_time_seconds": 38.83
    },
    {
      "epoch": 7,
      "train_loss": 0.093731,
      "train_acc": 0.965561,
      "val_loss": 0.053092,
      "val_acc": 0.981749,
      "val_f1_fire": 0.982384,
      "val_f1_nofire": 0.981066,
      "val_f1_macro": 0.981725,
      "lr": 0.0007269952498697733,
      "epoch_time_seconds": 39.0
    },
    {
      "epoch": 8,
      "train_loss": 0.087012,
      "train_acc": 0.969494,
      "val_loss": 0.048363,
      "val_acc": 0.98472,
      "val_f1_fire": 0.985185,
      "val_f1_nofire": 0.984224,
      "val_f1_macro": 0.984705,
      "lr": 0.0006545084971874737,
      "epoch_time_seconds": 38.42
    },
    {
      "epoch": 9,
      "train_loss": 0.081627,
      "train_acc": 0.971886,
      "val_loss": 0.04803,
      "val_acc": 0.985993,
      "val_f1_fire": 0.986358,
      "val_f1_nofire": 0.985608,
      "val_f1_macro": 0.985983,
      "lr": 0.0005782172325201155,
      "epoch_time_seconds": 38.56
    },
    {
      "epoch": 10,
      "train_loss": 0.084842,
      "train_acc": 0.969494,
      "val_loss": 0.052126,
      "val_acc": 0.985569,
      "val_f1_fire": 0.98595,
      "val_f1_nofire": 0.985166,
      "val_f1_macro": 0.985558,
      "lr": 0.0005,
      "epoch_time_seconds": 38.56
    },
    {
      "epoch": 11,
      "train_loss": 0.070274,
      "train_acc": 0.975181,
      "val_loss": 0.046788,
      "val_acc": 0.983871,
      "val_f1_fire": 0.984528,
      "val_f1_nofire": 0.983156,
      "val_f1_macro": 0.983842,
      "lr": 0.0004217827674798847,
      "epoch_time_seconds": 39.2
    },
    {
      "epoch": 12,
      "train_loss": 0.076298,
      "train_acc": 0.973108,
      "val_loss": 0.045635,
      "val_acc": 0.983871,
      "val_f1_fire": 0.984336,
      "val_f1_nofire": 0.983377,
      "val_f1_macro": 0.983857,
      "lr": 0.00034549150281252633,
      "epoch_time_seconds": 38.4
    },
    {
      "epoch": 13,
      "train_loss": 0.06508,
      "train_acc": 0.977307,
      "val_loss": 0.045747,
      "val_acc": 0.985144,
      "val_f1_fire": 0.985579,
      "val_f1_nofire": 0.984683,
      "val_f1_macro": 0.985131,
      "lr": 0.00027300475013022663,
      "epoch_time_seconds": 38.38
    },
    {
      "epoch": 14,
      "train_loss": 0.060848,
      "train_acc": 0.98108,
      "val_loss": 0.044707,
      "val_acc": 0.983871,
      "val_f1_fire": 0.984452,
      "val_f1_nofire": 0.983245,
      "val_f1_macro": 0.983848,
      "lr": 0.00020610737385376348,
      "epoch_time_seconds": 38.45
    },
    {
      "epoch": 15,
      "train_loss": 0.063324,
      "train_acc": 0.978369,
      "val_loss": 0.042293,
      "val_acc": 0.985569,
      "val_f1_fire": 0.986077,
      "val_f1_nofire": 0.985022,
      "val_f1_macro": 0.98555,
      "lr": 0.00014644660940672625,
      "epoch_time_seconds": 38.63
    },
    {
      "epoch": 16,
      "train_loss": 0.059449,
      "train_acc": 0.979698,
      "val_loss": 0.040478,
      "val_acc": 0.986418,
      "val_f1_fire": 0.986874,
      "val_f1_nofire": 0.985928,
      "val_f1_macro": 0.986401,
      "lr": 9.549150281252631e-05,
      "epoch_time_seconds": 39.69
    },
    {
      "epoch": 17,
      "train_loss": 0.051343,
      "train_acc": 0.981611,
      "val_loss": 0.040171,
      "val_acc": 0.986842,
      "val_f1_fire": 0.987269,
      "val_f1_nofire": 0.986386,
      "val_f1_macro": 0.986827,
      "lr": 5.4496737905816096e-05,
      "epoch_time_seconds": 38.56
    },
    {
      "epoch": 18,
      "train_loss": 0.054895,
      "train_acc": 0.981665,
      "val_loss": 0.038727,
      "val_acc": 0.987691,
      "val_f1_fire": 0.9881,
      "val_f1_nofire": 0.987253,
      "val_f1_macro": 0.987676,
      "lr": 2.447174185242323e-05,
      "epoch_time_seconds": 38.5
    },
    {
      "epoch": 19,
      "train_loss": 0.051036,
      "train_acc": 0.983578,
      "val_loss": 0.038707,
      "val_acc": 0.987267,
      "val_f1_fire": 0.987705,
      "val_f1_nofire": 0.986796,
      "val_f1_macro": 0.98725,
      "lr": 6.15582970243117e-06,
      "epoch_time_seconds": 38.56
    },
    {
      "epoch": 20,
      "train_loss": 0.049215,
      "train_acc": 0.983684,
      "val_loss": 0.038892,
      "val_acc": 0.987267,
      "val_f1_fire": 0.987705,
      "val_f1_nofire": 0.986796,
      "val_f1_macro": 0.98725,
      "lr": 0.0,
      "epoch_time_seconds": 38.74
    }
  ]
}