{
  "model": "hybrid",
  "freeze_config": "freeze_transformer_proj",
  "seed": 15,
  "device": "cuda",
  "gpu_name": "NVIDIA GeForce RTX 4090",
  "optimizer": "adamw",
  "lr": 0.001,
  "weight_decay": 0.01,
  "dropout": 0.1,
  "batch_size": 128,
  "grad_accum_steps": 1,
  "effective_batch_size": 128,
  "amp": true,
  "epochs_configured": 20,
  "patience": 5,
  "num_trainable_params": 8544834,
  "num_frozen_params": 85995264,
  "num_total_params": 94540098,
  "trainable_pct": 9.04,
  "dataset": {
    "train": {
      "total": 18847,
      "fire": 9763,
      "nofire": 9084
    },
    "val": {
      "total": 2356,
      "fire": 1220,
      "nofire": 1136
    },
    "test": {
      "total": 2356,
      "fire": 1221,
      "nofire": 1135
    }
  },
  "class_weights": [
    1.0374,
    0.9652
  ],
  "epochs_completed": 20,
  "early_stopped": false,
  "test_acc": 0.983447,
  "test_loss": 0.047551,
  "test_precision_fire": 0.9884,
  "test_recall_fire": 0.9795,
  "test_f1_fire": 0.984,
  "test_precision_nofire": 0.9782,
  "test_recall_nofire": 0.9877,
  "test_f1_nofire": 0.9829,
  "test_confusion_matrix": [
    [
      1121,
      14
    ],
    [
      25,
      1196
    ]
  ],
  "best_val_acc": 0.988115,
  "best_val_loss": 0.037454,
  "best_val_f1_fire": 0.988543,
  "best_val_f1_macro": 0.988099,
  "best_epoch": 18,
  "total_train_time_seconds": 802.16,
  "train_history": [
    {
      "epoch": 1,
      "train_loss": 0.268591,
      "train_acc": 0.888446,
      "val_loss": 0.216009,
      "val_acc": 0.924448,
      "val_f1_fire": 0.931115,
      "val_f1_nofire": 0.916353,
      "val_f1_macro": 0.923734,
      "lr": 0.0009938441702975688,
      "epoch_time_seconds": 41.41
    },
    {
      "epoch": 2,
      "train_loss": 0.181167,
      "train_acc": 0.929688,
      "val_loss": 0.165194,
      "val_acc": 0.934635,
      "val_f1_fire": 0.933563,
      "val_f1_nofire": 0.935673,
      "val_f1_macro": 0.934618,
      "lr": 0.0009755282581475768,
      "epoch_time_seconds": 39.69
    },
    {
      "epoch": 3,
      "train_loss": 0.149762,
      "train_acc": 0.943187,
      "val_loss": 0.097786,
      "val_acc": 0.965195,
      "val_f1_fire": 0.966531,
      "val_f1_nofire": 0.963749,
      "val_f1_macro": 0.96514,
      "lr": 0.0009455032620941839,
      "epoch_time_seconds": 39.58
    },
    {
      "epoch": 4,
      "train_loss": 0.140157,
      "train_acc": 0.948342,
      "val_loss": 0.107719,
      "val_acc": 0.958404,
      "val_f1_fire": 0.96042,
      "val_f1_nofire": 0.956172,
      "val_f1_macro": 0.958296,
      "lr": 0.0009045084971874737,
      "epoch_time_seconds": 39.52
    },
    {
      "epoch": 5,
      "train_loss": 0.132241,
      "train_acc": 0.951105,
      "val_loss": 0.091254,
      "val_acc": 0.966893,
      "val_f1_fire": 0.968421,
      "val_f1_nofire": 0.96521,
      "val_f1_macro": 0.966815,
      "lr": 0.0008535533905932737,
      "epoch_time_seconds": 39.45
    },
    {
      "epoch": 6,
      "train_loss": 0.122879,
      "train_acc": 0.955517,
      "val_loss": 0.080298,
      "val_acc": 0.974533,
      "val_f1_fire": 0.975349,
      "val_f1_nofire": 0.973661,
      "val_f1_macro": 0.974505,
      "lr": 0.0007938926261462366,
      "epoch_time_seconds": 39.56
    },
    {
      "epoch": 7,
      "train_loss": 0.119018,
      "train_acc": 0.954507,
      "val_loss": 0.09107,
      "val_acc": 0.971562,
      "val_f1_fire": 0.972303,
      "val_f1_nofire": 0.970781,
      "val_f1_macro": 0.971542,
      "lr": 0.0007269952498697733,
      "epoch_time_seconds": 39.54
    },
    {
      "epoch": 8,
      "train_loss": 0.103866,
      "train_acc": 0.963754,
      "val_loss": 0.077802,
      "val_acc": 0.974958,
      "val_f1_fire": 0.975849,
      "val_f1_nofire": 0.973997,
      "val_f1_macro": 0.974923,
      "lr": 0.0006545084971874737,
      "epoch_time_seconds": 39.39
    },
    {
      "epoch": 9,
      "train_loss": 0.098162,
      "train_acc": 0.96487,
      "val_loss": 0.061396,
      "val_acc": 0.97708,
      "val_f1_fire": 0.978031,
      "val_f1_nofire": 0.976043,
      "val_f1_macro": 0.977037,
      "lr": 0.0005782172325201155,
      "epoch_time_seconds": 39.61
    },
    {
      "epoch": 10,
      "train_loss": 0.087216,
      "train_acc": 0.969335,
      "val_loss": 0.056941,
      "val_acc": 0.980475,
      "val_f1_fire": 0.981255,
      "val_f1_nofire": 0.979628,
      "val_f1_macro": 0.980442,
      "lr": 0.0005,
      "epoch_time_seconds": 39.56
    },
    {
      "epoch": 11,
      "train_loss": 0.079949,
      "train_acc": 0.972098,
      "val_loss": 0.070583,
      "val_acc": 0.976231,
      "val_f1_fire": 0.97686,
      "val_f1_nofire": 0.975567,
      "val_f1_macro": 0.976213,
      "lr": 0.0004217827674798847,
      "epoch_time_seconds": 39.66
    },
    {
      "epoch": 12,
      "train_loss": 0.076859,
      "train_acc": 0.973161,
      "val_loss": 0.046145,
      "val_acc": 0.985569,
      "val_f1_fire": 0.986111,
      "val_f1_nofire": 0.984982,
      "val_f1_macro": 0.985547,
      "lr": 0.00034549150281252633,
      "epoch_time_seconds": 44.02
    },
    {
      "epoch": 13,
      "train_loss": 0.068036,
      "train_acc": 0.977094,
      "val_loss": 0.048915,
      "val_acc": 0.981749,
      "val_f1_fire": 0.982297,
      "val_f1_nofire": 0.981165,
      "val_f1_macro": 0.981731,
      "lr": 0.00027300475013022663,
      "epoch_time_seconds": 39.47
    },
    {
      "epoch": 14,
      "train_loss": 0.064716,
      "train_acc": 0.976935,
      "val_loss": 0.047742,
      "val_acc": 0.983022,
      "val_f1_fire": 0.983593,
      "val_f1_nofire": 0.98241,
      "val_f1_macro": 0.983001,
      "lr": 0.00020610737385376348,
      "epoch_time_seconds": 39.62
    },
    {
      "epoch": 15,
      "train_loss": 0.063347,
      "train_acc": 0.978263,
      "val_loss": 0.045804,
      "val_acc": 0.984295,
      "val_f1_fire": 0.984953,
      "val_f1_nofire": 0.983577,
      "val_f1_macro": 0.984265,
      "lr": 0.00014644660940672625,
      "epoch_time_seconds": 39.47
    },
    {
      "epoch": 16,
      "train_loss": 0.057858,
      "train_acc": 0.980336,
      "val_loss": 0.038632,
      "val_acc": 0.985144,
      "val_f1_fire": 0.985697,
      "val_f1_nofire": 0.984547,
      "val_f1_macro": 0.985122,
      "lr": 9.549150281252631e-05,
      "epoch_time_seconds": 39.46
    },
    {
      "epoch": 17,
      "train_loss": 0.05288,
      "train_acc": 0.981399,
      "val_loss": 0.038435,
      "val_acc": 0.98854,
      "val_f1_fire": 0.98893,
      "val_f1_nofire": 0.988121,
      "val_f1_macro": 0.988526,
      "lr": 5.4496737905816096e-05,
      "epoch_time_seconds": 39.62
    },
    {
      "epoch": 18,
      "train_loss": 0.050836,
      "train_acc": 0.982781,
      "val_loss": 0.037454,
      "val_acc": 0.988115,
      "val_f1_fire": 0.988543,
      "val_f1_nofire": 0.987654,
      "val_f1_macro": 0.988099,
      "lr": 2.447174185242323e-05,
      "epoch_time_seconds": 39.53
    },
    {
      "epoch": 19,
      "train_loss": 0.047693,
      "train_acc": 0.984162,
      "val_loss": 0.038383,
      "val_acc": 0.985569,
      "val_f1_fire": 0.986111,
      "val_f1_nofire": 0.984982,
      "val_f1_macro": 0.985547,
      "lr": 6.15582970243117e-06,
      "epoch_time_seconds": 39.53
    },
    {
      "epoch": 20,
      "train_loss": 0.046462,
      "train_acc": 0.984322,
      "val_loss": 0.038747,
      "val_acc": 0.985993,
      "val_f1_fire": 0.986514,
      "val_f1_nofire": 0.98543,
      "val_f1_macro": 0.985972,
      "lr": 0.0,
      "epoch_time_seconds": 39.45
    }
  ]
}