{
  "model": "hybrid",
  "freeze_config": "freeze_backbone_proj_blocks0-3",
  "seed": 15,
  "device": "cuda",
  "gpu_name": "NVIDIA GeForce RTX 4090",
  "optimizer": "adamw",
  "lr": 0.001,
  "weight_decay": 0.01,
  "dropout": 0.1,
  "batch_size": 128,
  "grad_accum_steps": 1,
  "effective_batch_size": 128,
  "amp": true,
  "epochs_configured": 20,
  "patience": 5,
  "num_trainable_params": 56706050,
  "num_frozen_params": 37834048,
  "num_total_params": 94540098,
  "trainable_pct": 59.98,
  "dataset": {
    "train": {
      "total": 18847,
      "fire": 9763,
      "nofire": 9084
    },
    "val": {
      "total": 2356,
      "fire": 1220,
      "nofire": 1136
    },
    "test": {
      "total": 2356,
      "fire": 1221,
      "nofire": 1135
    }
  },
  "class_weights": [
    1.0374,
    0.9652
  ],
  "epochs_completed": 20,
  "early_stopped": false,
  "test_acc": 0.978353,
  "test_loss": 0.068914,
  "test_precision_fire": 0.9859,
  "test_recall_fire": 0.9722,
  "test_f1_fire": 0.979,
  "test_precision_nofire": 0.9705,
  "test_recall_nofire": 0.985,
  "test_f1_nofire": 0.9777,
  "test_confusion_matrix": [
    [
      1118,
      17
    ],
    [
      34,
      1187
    ]
  ],
  "best_val_acc": 0.97708,
  "best_val_loss": 0.075002,
  "best_val_f1_fire": 0.977905,
  "best_val_f1_macro": 0.977048,
  "best_epoch": 16,
  "total_train_time_seconds": 681.54,
  "train_history": [
    {
      "epoch": 1,
      "train_loss": 0.761273,
      "train_acc": 0.556229,
      "val_loss": 0.568844,
      "val_acc": 0.720289,
      "val_f1_fire": 0.640872,
      "val_f1_nofire": 0.770942,
      "val_f1_macro": 0.705907,
      "lr": 0.0009938441702975688,
      "epoch_time_seconds": 34.0
    },
    {
      "epoch": 2,
      "train_loss": 0.423256,
      "train_acc": 0.802774,
      "val_loss": 0.289598,
      "val_acc": 0.884126,
      "val_f1_fire": 0.877193,
      "val_f1_nofire": 0.890317,
      "val_f1_macro": 0.883755,
      "lr": 0.0009755282581475768,
      "epoch_time_seconds": 32.6
    },
    {
      "epoch": 3,
      "train_loss": 0.249692,
      "train_acc": 0.900085,
      "val_loss": 0.199005,
      "val_acc": 0.915959,
      "val_f1_fire": 0.913613,
      "val_f1_nofire": 0.918182,
      "val_f1_macro": 0.915897,
      "lr": 0.0009455032620941839,
      "epoch_time_seconds": 33.5
    },
    {
      "epoch": 4,
      "train_loss": 0.201924,
      "train_acc": 0.921503,
      "val_loss": 0.205219,
      "val_acc": 0.920204,
      "val_f1_fire": 0.927581,
      "val_f1_nofire": 0.911153,
      "val_f1_macro": 0.919367,
      "lr": 0.0009045084971874737,
      "epoch_time_seconds": 33.41
    },
    {
      "epoch": 5,
      "train_loss": 0.173081,
      "train_acc": 0.935162,
      "val_loss": 0.150691,
      "val_acc": 0.940577,
      "val_f1_fire": 0.940324,
      "val_f1_nofire": 0.940828,
      "val_f1_macro": 0.940576,
      "lr": 0.0008535533905932737,
      "epoch_time_seconds": 33.86
    },
    {
      "epoch": 6,
      "train_loss": 0.170698,
      "train_acc": 0.936012,
      "val_loss": 0.110321,
      "val_acc": 0.963497,
      "val_f1_fire": 0.964286,
      "val_f1_nofire": 0.962674,
      "val_f1_macro": 0.96348,
      "lr": 0.0007938926261462366,
      "epoch_time_seconds": 34.04
    },
    {
      "epoch": 7,
      "train_loss": 0.150735,
      "train_acc": 0.943559,
      "val_loss": 0.10523,
      "val_acc": 0.968166,
      "val_f1_fire": 0.969072,
      "val_f1_nofire": 0.967206,
      "val_f1_macro": 0.968139,
      "lr": 0.0007269952498697733,
      "epoch_time_seconds": 33.57
    },
    {
      "epoch": 8,
      "train_loss": 0.142462,
      "train_acc": 0.946003,
      "val_loss": 0.12218,
      "val_acc": 0.952462,
      "val_f1_fire": 0.952782,
      "val_f1_nofire": 0.952137,
      "val_f1_macro": 0.95246,
      "lr": 0.0006545084971874737,
      "epoch_time_seconds": 33.71
    },
    {
      "epoch": 9,
      "train_loss": 0.122139,
      "train_acc": 0.956952,
      "val_loss": 0.099001,
      "val_acc": 0.96944,
      "val_f1_fire": 0.970492,
      "val_f1_nofire": 0.96831,
      "val_f1_macro": 0.969401,
      "lr": 0.0005782172325201155,
      "epoch_time_seconds": 33.16
    },
    {
      "epoch": 10,
      "train_loss": 0.128445,
      "train_acc": 0.954347,
      "val_loss": 0.091995,
      "val_acc": 0.972835,
      "val_f1_fire": 0.973856,
      "val_f1_nofire": 0.971731,
      "val_f1_macro": 0.972794,
      "lr": 0.0005,
      "epoch_time_seconds": 33.58
    },
    {
      "epoch": 11,
      "train_loss": 0.119069,
      "train_acc": 0.955995,
      "val_loss": 0.101597,
      "val_acc": 0.963497,
      "val_f1_fire": 0.964197,
      "val_f1_nofire": 0.962771,
      "val_f1_macro": 0.963484,
      "lr": 0.0004217827674798847,
      "epoch_time_seconds": 35.09
    },
    {
      "epoch": 12,
      "train_loss": 0.113659,
      "train_acc": 0.958493,
      "val_loss": 0.084353,
      "val_acc": 0.972411,
      "val_f1_fire": 0.97324,
      "val_f1_nofire": 0.971529,
      "val_f1_macro": 0.972384,
      "lr": 0.00034549150281252633,
      "epoch_time_seconds": 33.17
    },
    {
      "epoch": 13,
      "train_loss": 0.104448,
      "train_acc": 0.962904,
      "val_loss": 0.099803,
      "val_acc": 0.968166,
      "val_f1_fire": 0.969843,
      "val_f1_nofire": 0.966292,
      "val_f1_macro": 0.968068,
      "lr": 0.00027300475013022663,
      "epoch_time_seconds": 34.53
    },
    {
      "epoch": 14,
      "train_loss": 0.105458,
      "train_acc": 0.961203,
      "val_loss": 0.079739,
      "val_acc": 0.972835,
      "val_f1_fire": 0.973576,
      "val_f1_nofire": 0.972052,
      "val_f1_macro": 0.972814,
      "lr": 0.00020610737385376348,
      "epoch_time_seconds": 33.77
    },
    {
      "epoch": 15,
      "train_loss": 0.103162,
      "train_acc": 0.96402,
      "val_loss": 0.077816,
      "val_acc": 0.976231,
      "val_f1_fire": 0.977068,
      "val_f1_nofire": 0.97533,
      "val_f1_macro": 0.976199,
      "lr": 0.00014644660940672625,
      "epoch_time_seconds": 33.79
    },
    {
      "epoch": 16,
      "train_loss": 0.102225,
      "train_acc": 0.964498,
      "val_loss": 0.075002,
      "val_acc": 0.97708,
      "val_f1_fire": 0.977905,
      "val_f1_nofire": 0.97619,
      "val_f1_macro": 0.977048,
      "lr": 9.549150281252631e-05,
      "epoch_time_seconds": 33.38
    },
    {
      "epoch": 17,
      "train_loss": 0.094498,
      "train_acc": 0.965827,
      "val_loss": 0.076971,
      "val_acc": 0.978353,
      "val_f1_fire": 0.979192,
      "val_f1_nofire": 0.977444,
      "val_f1_macro": 0.978318,
      "lr": 5.4496737905816096e-05,
      "epoch_time_seconds": 34.95
    },
    {
      "epoch": 18,
      "train_loss": 0.090148,
      "train_acc": 0.968378,
      "val_loss": 0.076142,
      "val_acc": 0.977504,
      "val_f1_fire": 0.978305,
      "val_f1_nofire": 0.976642,
      "val_f1_macro": 0.977474,
      "lr": 2.447174185242323e-05,
      "epoch_time_seconds": 33.18
    },
    {
      "epoch": 19,
      "train_loss": 0.090916,
      "train_acc": 0.968644,
      "val_loss": 0.075754,
      "val_acc": 0.978353,
      "val_f1_fire": 0.979073,
      "val_f1_nofire": 0.977582,
      "val_f1_macro": 0.978328,
      "lr": 6.15582970243117e-06,
      "epoch_time_seconds": 33.7
    },
    {
      "epoch": 20,
      "train_loss": 0.087649,
      "train_acc": 0.969122,
      "val_loss": 0.07648,
      "val_acc": 0.97708,
      "val_f1_fire": 0.977941,
      "val_f1_nofire": 0.976148,
      "val_f1_macro": 0.977045,
      "lr": 0.0,
      "epoch_time_seconds": 32.98
    }
  ]
}