{
  "model": "hybrid",
  "freeze_config": "freeze_blocks0-11",
  "seed": 20,
  "device": "cuda",
  "gpu_name": "NVIDIA GeForce RTX 4090",
  "optimizer": "adamw",
  "lr": 0.001,
  "weight_decay": 0.01,
  "dropout": 0.1,
  "batch_size": 128,
  "grad_accum_steps": 1,
  "effective_batch_size": 128,
  "amp": true,
  "epochs_configured": 20,
  "patience": 5,
  "num_trainable_params": 9485634,
  "num_frozen_params": 85054464,
  "num_total_params": 94540098,
  "trainable_pct": 10.03,
  "dataset": {
    "train": {
      "total": 18847,
      "fire": 9763,
      "nofire": 9084
    },
    "val": {
      "total": 2356,
      "fire": 1220,
      "nofire": 1136
    },
    "test": {
      "total": 2356,
      "fire": 1221,
      "nofire": 1135
    }
  },
  "class_weights": [
    1.0374,
    0.9652
  ],
  "epochs_completed": 20,
  "early_stopped": false,
  "test_acc": 0.98854,
  "test_loss": 0.041399,
  "test_precision_fire": 0.9893,
  "test_recall_fire": 0.9885,
  "test_f1_fire": 0.9889,
  "test_precision_nofire": 0.9877,
  "test_recall_nofire": 0.9885,
  "test_f1_nofire": 0.9881,
  "test_confusion_matrix": [
    [
      1122,
      13
    ],
    [
      14,
      1207
    ]
  ],
  "best_val_acc": 0.989389,
  "best_val_loss": 0.032347,
  "best_val_f1_fire": 0.989758,
  "best_val_f1_macro": 0.989375,
  "best_epoch": 19,
  "total_train_time_seconds": 803.11,
  "train_history": [
    {
      "epoch": 1,
      "train_loss": 0.252711,
      "train_acc": 0.89493,
      "val_loss": 0.132984,
      "val_acc": 0.956282,
      "val_f1_fire": 0.956813,
      "val_f1_nofire": 0.955737,
      "val_f1_macro": 0.956275,
      "lr": 0.0009938441702975688,
      "epoch_time_seconds": 41.67
    },
    {
      "epoch": 2,
      "train_loss": 0.147023,
      "train_acc": 0.94595,
      "val_loss": 0.138814,
      "val_acc": 0.949066,
      "val_f1_fire": 0.95283,
      "val_f1_nofire": 0.944649,
      "val_f1_macro": 0.94874,
      "lr": 0.0009755282581475768,
      "epoch_time_seconds": 39.9
    },
    {
      "epoch": 3,
      "train_loss": 0.139091,
      "train_acc": 0.94781,
      "val_loss": 0.078227,
      "val_acc": 0.97326,
      "val_f1_fire": 0.974442,
      "val_f1_nofire": 0.971963,
      "val_f1_macro": 0.973202,
      "lr": 0.0009455032620941839,
      "epoch_time_seconds": 39.77
    },
    {
      "epoch": 4,
      "train_loss": 0.113514,
      "train_acc": 0.958493,
      "val_loss": 0.077233,
      "val_acc": 0.971562,
      "val_f1_fire": 0.972394,
      "val_f1_nofire": 0.970678,
      "val_f1_macro": 0.971536,
      "lr": 0.0009045084971874737,
      "epoch_time_seconds": 39.56
    },
    {
      "epoch": 5,
      "train_loss": 0.115654,
      "train_acc": 0.956101,
      "val_loss": 0.055059,
      "val_acc": 0.984295,
      "val_f1_fire": 0.984855,
      "val_f1_nofire": 0.983693,
      "val_f1_macro": 0.984274,
      "lr": 0.0008535533905932737,
      "epoch_time_seconds": 39.65
    },
    {
      "epoch": 6,
      "train_loss": 0.104925,
      "train_acc": 0.960247,
      "val_loss": 0.056385,
      "val_acc": 0.9809,
      "val_f1_fire": 0.981595,
      "val_f1_nofire": 0.98015,
      "val_f1_macro": 0.980873,
      "lr": 0.0007938926261462366,
      "epoch_time_seconds": 39.69
    },
    {
      "epoch": 7,
      "train_loss": 0.093452,
      "train_acc": 0.967209,
      "val_loss": 0.061047,
      "val_acc": 0.97708,
      "val_f1_fire": 0.978067,
      "val_f1_nofire": 0.976,
      "val_f1_macro": 0.977033,
      "lr": 0.0007269952498697733,
      "epoch_time_seconds": 39.69
    },
    {
      "epoch": 8,
      "train_loss": 0.09185,
      "train_acc": 0.968378,
      "val_loss": 0.057995,
      "val_acc": 0.9809,
      "val_f1_fire": 0.981595,
      "val_f1_nofire": 0.98015,
      "val_f1_macro": 0.980873,
      "lr": 0.0006545084971874737,
      "epoch_time_seconds": 39.48
    },
    {
      "epoch": 9,
      "train_loss": 0.079129,
      "train_acc": 0.972523,
      "val_loss": 0.039711,
      "val_acc": 0.987267,
      "val_f1_fire": 0.987705,
      "val_f1_nofire": 0.986796,
      "val_f1_macro": 0.98725,
      "lr": 0.0005782172325201155,
      "epoch_time_seconds": 43.23
    },
    {
      "epoch": 10,
      "train_loss": 0.07588,
      "train_acc": 0.973958,
      "val_loss": 0.03886,
      "val_acc": 0.988964,
      "val_f1_fire": 0.989353,
      "val_f1_nofire": 0.988546,
      "val_f1_macro": 0.98895,
      "lr": 0.0005,
      "epoch_time_seconds": 39.64
    },
    {
      "epoch": 11,
      "train_loss": 0.073814,
      "train_acc": 0.974171,
      "val_loss": 0.064106,
      "val_acc": 0.977929,
      "val_f1_fire": 0.978998,
      "val_f1_nofire": 0.976744,
      "val_f1_macro": 0.977871,
      "lr": 0.0004217827674798847,
      "epoch_time_seconds": 39.66
    },
    {
      "epoch": 12,
      "train_loss": 0.062771,
      "train_acc": 0.978157,
      "val_loss": 0.046674,
      "val_acc": 0.985993,
      "val_f1_fire": 0.98658,
      "val_f1_nofire": 0.985353,
      "val_f1_macro": 0.985966,
      "lr": 0.00034549150281252633,
      "epoch_time_seconds": 39.69
    },
    {
      "epoch": 13,
      "train_loss": 0.05771,
      "train_acc": 0.980708,
      "val_loss": 0.037468,
      "val_acc": 0.987691,
      "val_f1_fire": 0.988207,
      "val_f1_nofire": 0.987128,
      "val_f1_macro": 0.987667,
      "lr": 0.00027300475013022663,
      "epoch_time_seconds": 39.53
    },
    {
      "epoch": 14,
      "train_loss": 0.056222,
      "train_acc": 0.981293,
      "val_loss": 0.03575,
      "val_acc": 0.989813,
      "val_f1_fire": 0.99018,
      "val_f1_nofire": 0.989418,
      "val_f1_macro": 0.989799,
      "lr": 0.00020610737385376348,
      "epoch_time_seconds": 39.77
    },
    {
      "epoch": 15,
      "train_loss": 0.049819,
      "train_acc": 0.982993,
      "val_loss": 0.036863,
      "val_acc": 0.989813,
      "val_f1_fire": 0.990132,
      "val_f1_nofire": 0.989474,
      "val_f1_macro": 0.989803,
      "lr": 0.00014644660940672625,
      "epoch_time_seconds": 39.57
    },
    {
      "epoch": 16,
      "train_loss": 0.04451,
      "train_acc": 0.984534,
      "val_loss": 0.037843,
      "val_acc": 0.987267,
      "val_f1_fire": 0.987765,
      "val_f1_nofire": 0.986726,
      "val_f1_macro": 0.987245,
      "lr": 9.549150281252631e-05,
      "epoch_time_seconds": 39.72
    },
    {
      "epoch": 17,
      "train_loss": 0.039756,
      "train_acc": 0.986501,
      "val_loss": 0.035273,
      "val_acc": 0.989389,
      "val_f1_fire": 0.989783,
      "val_f1_nofire": 0.988962,
      "val_f1_macro": 0.989373,
      "lr": 5.4496737905816096e-05,
      "epoch_time_seconds": 39.81
    },
    {
      "epoch": 18,
      "train_loss": 0.036265,
      "train_acc": 0.988042,
      "val_loss": 0.034377,
      "val_acc": 0.989389,
      "val_f1_fire": 0.989767,
      "val_f1_nofire": 0.988982,
      "val_f1_macro": 0.989374,
      "lr": 2.447174185242323e-05,
      "epoch_time_seconds": 39.68
    },
    {
      "epoch": 19,
      "train_loss": 0.037234,
      "train_acc": 0.98767,
      "val_loss": 0.032347,
      "val_acc": 0.989389,
      "val_f1_fire": 0.989758,
      "val_f1_nofire": 0.988992,
      "val_f1_macro": 0.989375,
      "lr": 6.15582970243117e-06,
      "epoch_time_seconds": 39.51
    },
    {
      "epoch": 20,
      "train_loss": 0.034832,
      "train_acc": 0.988414,
      "val_loss": 0.033139,
      "val_acc": 0.989813,
      "val_f1_fire": 0.990172,
      "val_f1_nofire": 0.989427,
      "val_f1_macro": 0.9898,
      "lr": 0.0,
      "epoch_time_seconds": 39.62
    }
  ]
}