{
  "model": "hybrid",
  "freeze_config": "freeze_blocks0-11",
  "seed": 10,
  "device": "cuda",
  "gpu_name": "NVIDIA GeForce RTX 4090",
  "optimizer": "adamw",
  "lr": 0.001,
  "weight_decay": 0.01,
  "dropout": 0.1,
  "batch_size": 128,
  "grad_accum_steps": 1,
  "effective_batch_size": 128,
  "amp": true,
  "epochs_configured": 20,
  "patience": 5,
  "num_trainable_params": 9485634,
  "num_frozen_params": 85054464,
  "num_total_params": 94540098,
  "trainable_pct": 10.03,
  "dataset": {
    "train": {
      "total": 18847,
      "fire": 9763,
      "nofire": 9084
    },
    "val": {
      "total": 2356,
      "fire": 1220,
      "nofire": 1136
    },
    "test": {
      "total": 2356,
      "fire": 1221,
      "nofire": 1135
    }
  },
  "class_weights": [
    1.0374,
    0.9652
  ],
  "epochs_completed": 20,
  "early_stopped": false,
  "test_acc": 0.985993,
  "test_loss": 0.044057,
  "test_precision_fire": 0.9893,
  "test_recall_fire": 0.9836,
  "test_f1_fire": 0.9864,
  "test_precision_nofire": 0.9825,
  "test_recall_nofire": 0.9885,
  "test_f1_nofire": 0.9855,
  "test_confusion_matrix": [
    [
      1122,
      13
    ],
    [
      20,
      1201
    ]
  ],
  "best_val_acc": 0.990662,
  "best_val_loss": 0.030646,
  "best_val_f1_fire": 0.990976,
  "best_val_f1_macro": 0.990651,
  "best_epoch": 16,
  "total_train_time_seconds": 816.42,
  "train_history": [
    {
      "epoch": 1,
      "train_loss": 0.249905,
      "train_acc": 0.896418,
      "val_loss": 0.16153,
      "val_acc": 0.933786,
      "val_f1_fire": 0.93299,
      "val_f1_nofire": 0.934564,
      "val_f1_macro": 0.933777,
      "lr": 0.0009938441702975688,
      "epoch_time_seconds": 41.58
    },
    {
      "epoch": 2,
      "train_loss": 0.156776,
      "train_acc": 0.94037,
      "val_loss": 0.151297,
      "val_acc": 0.949915,
      "val_f1_fire": 0.9531,
      "val_f1_nofire": 0.946266,
      "val_f1_macro": 0.949683,
      "lr": 0.0009755282581475768,
      "epoch_time_seconds": 39.74
    },
    {
      "epoch": 3,
      "train_loss": 0.14364,
      "train_acc": 0.947066,
      "val_loss": 0.102645,
      "val_acc": 0.961375,
      "val_f1_fire": 0.963468,
      "val_f1_nofire": 0.959027,
      "val_f1_macro": 0.961248,
      "lr": 0.0009455032620941839,
      "epoch_time_seconds": 40.07
    },
    {
      "epoch": 4,
      "train_loss": 0.123671,
      "train_acc": 0.954188,
      "val_loss": 0.06804,
      "val_acc": 0.977929,
      "val_f1_fire": 0.978758,
      "val_f1_nofire": 0.977032,
      "val_f1_macro": 0.977895,
      "lr": 0.0009045084971874737,
      "epoch_time_seconds": 40.33
    },
    {
      "epoch": 5,
      "train_loss": 0.111437,
      "train_acc": 0.957642,
      "val_loss": 0.097324,
      "val_acc": 0.964771,
      "val_f1_fire": 0.966191,
      "val_f1_nofire": 0.963226,
      "val_f1_macro": 0.964708,
      "lr": 0.0008535533905932737,
      "epoch_time_seconds": 39.56
    },
    {
      "epoch": 6,
      "train_loss": 0.100893,
      "train_acc": 0.962957,
      "val_loss": 0.054826,
      "val_acc": 0.981324,
      "val_f1_fire": 0.982011,
      "val_f1_nofire": 0.980583,
      "val_f1_macro": 0.981297,
      "lr": 0.0007938926261462366,
      "epoch_time_seconds": 39.65
    },
    {
      "epoch": 7,
      "train_loss": 0.097362,
      "train_acc": 0.963648,
      "val_loss": 0.080471,
      "val_acc": 0.972411,
      "val_f1_fire": 0.97324,
      "val_f1_nofire": 0.971529,
      "val_f1_macro": 0.972384,
      "lr": 0.0007269952498697733,
      "epoch_time_seconds": 39.81
    },
    {
      "epoch": 8,
      "train_loss": 0.089744,
      "train_acc": 0.967474,
      "val_loss": 0.079115,
      "val_acc": 0.971562,
      "val_f1_fire": 0.971884,
      "val_f1_nofire": 0.971232,
      "val_f1_macro": 0.971558,
      "lr": 0.0006545084971874737,
      "epoch_time_seconds": 39.74
    },
    {
      "epoch": 9,
      "train_loss": 0.087089,
      "train_acc": 0.968909,
      "val_loss": 0.056762,
      "val_acc": 0.980475,
      "val_f1_fire": 0.980929,
      "val_f1_nofire": 0.98,
      "val_f1_macro": 0.980464,
      "lr": 0.0005782172325201155,
      "epoch_time_seconds": 46.48
    },
    {
      "epoch": 10,
      "train_loss": 0.076704,
      "train_acc": 0.973905,
      "val_loss": 0.049811,
      "val_acc": 0.98472,
      "val_f1_fire": 0.985258,
      "val_f1_nofire": 0.984141,
      "val_f1_macro": 0.984699,
      "lr": 0.0005,
      "epoch_time_seconds": 47.67
    },
    {
      "epoch": 11,
      "train_loss": 0.071571,
      "train_acc": 0.975234,
      "val_loss": 0.046636,
      "val_acc": 0.985993,
      "val_f1_fire": 0.986514,
      "val_f1_nofire": 0.98543,
      "val_f1_macro": 0.985972,
      "lr": 0.0004217827674798847,
      "epoch_time_seconds": 39.76
    },
    {
      "epoch": 12,
      "train_loss": 0.064156,
      "train_acc": 0.977572,
      "val_loss": 0.043677,
      "val_acc": 0.983447,
      "val_f1_fire": 0.984062,
      "val_f1_nofire": 0.982781,
      "val_f1_macro": 0.983422,
      "lr": 0.00034549150281252633,
      "epoch_time_seconds": 39.63
    },
    {
      "epoch": 13,
      "train_loss": 0.059522,
      "train_acc": 0.979645,
      "val_loss": 0.044319,
      "val_acc": 0.984295,
      "val_f1_fire": 0.984755,
      "val_f1_nofire": 0.983807,
      "val_f1_macro": 0.984281,
      "lr": 0.00027300475013022663,
      "epoch_time_seconds": 39.59
    },
    {
      "epoch": 14,
      "train_loss": 0.055752,
      "train_acc": 0.981452,
      "val_loss": 0.04033,
      "val_acc": 0.987691,
      "val_f1_fire": 0.98809,
      "val_f1_nofire": 0.987264,
      "val_f1_macro": 0.987677,
      "lr": 0.00020610737385376348,
      "epoch_time_seconds": 39.61
    },
    {
      "epoch": 15,
      "train_loss": 0.050129,
      "train_acc": 0.983578,
      "val_loss": 0.035699,
      "val_acc": 0.987267,
      "val_f1_fire": 0.987715,
      "val_f1_nofire": 0.986784,
      "val_f1_macro": 0.98725,
      "lr": 0.00014644660940672625,
      "epoch_time_seconds": 39.67
    },
    {
      "epoch": 16,
      "train_loss": 0.047507,
      "train_acc": 0.983578,
      "val_loss": 0.030646,
      "val_acc": 0.990662,
      "val_f1_fire": 0.990976,
      "val_f1_nofire": 0.990325,
      "val_f1_macro": 0.990651,
      "lr": 9.549150281252631e-05,
      "epoch_time_seconds": 40.22
    },
    {
      "epoch": 17,
      "train_loss": 0.043246,
      "train_acc": 0.985172,
      "val_loss": 0.033247,
      "val_acc": 0.987267,
      "val_f1_fire": 0.987745,
      "val_f1_nofire": 0.986749,
      "val_f1_macro": 0.987247,
      "lr": 5.4496737905816096e-05,
      "epoch_time_seconds": 39.63
    },
    {
      "epoch": 18,
      "train_loss": 0.042097,
      "train_acc": 0.985969,
      "val_loss": 0.034634,
      "val_acc": 0.985993,
      "val_f1_fire": 0.986503,
      "val_f1_nofire": 0.985443,
      "val_f1_macro": 0.985973,
      "lr": 2.447174185242323e-05,
      "epoch_time_seconds": 39.74
    },
    {
      "epoch": 19,
      "train_loss": 0.039203,
      "train_acc": 0.986076,
      "val_loss": 0.034388,
      "val_acc": 0.987267,
      "val_f1_fire": 0.987735,
      "val_f1_nofire": 0.986761,
      "val_f1_macro": 0.987248,
      "lr": 6.15582970243117e-06,
      "epoch_time_seconds": 39.65
    },
    {
      "epoch": 20,
      "train_loss": 0.037314,
      "train_acc": 0.988042,
      "val_loss": 0.032837,
      "val_acc": 0.98854,
      "val_f1_fire": 0.988948,
      "val_f1_nofire": 0.9881,
      "val_f1_macro": 0.988524,
      "lr": 0.0,
      "epoch_time_seconds": 39.69
    }
  ]
}