config_1,config_2,mean_1,mean_2,t_statistic,p_value,cohens_d,significant
Freeze patch+0-8,Freeze patch+0-11,0.9932088,0.9832766000000002,12.23049355131353,1.9071723165535675e-05,7.7352433060304415,True
Freeze patch+0-5,Freeze patch+0-11,0.9902380000000001,0.9832766000000002,11.33519562833428,0.0002493997704172938,8.340718053275543,True
Freeze patch+0-5,Freeze patch+0-8,0.9902380000000001,0.9932088,-3.401374748908765,0.014505456735737998,-2.1100821935793976,True
