config,label,mean_acc,std_acc,mean_f1_fire,std_f1_fire,n_seeds,mean_trainable_pct
freeze_patch_blocks0-8,Freeze patch+0-8,0.9932088,0.0016164478649186092,0.99344,0.001563009916795151,5,24.79
freeze_patch_blocks0-5,Freeze patch+0-5,0.9902380000000001,0.0008490000000000442,0.9905666666666667,0.0008504900548115011,3,49.57
freeze_patch_blocks0-11,Freeze patch+0-11,0.9832766000000002,0.000827348959025189,0.9837400000000001,0.0008324662155306968,5,0.0
freeze_none,Freeze none,0.83871,0.0,0.8463,0.0,1,100.0
