{
  "model": "resnet",
  "freeze_config": "freeze_conv1_layer1-4",
  "seed": 15,
  "device": "cuda",
  "gpu_name": "NVIDIA GeForce GTX 1060 3GB",
  "optimizer": "adamw",
  "lr": 0.001,
  "weight_decay": 0.01,
  "dropout": 0.1,
  "batch_size": 16,
  "grad_accum_steps": 2,
  "effective_batch_size": 32,
  "amp": false,
  "epochs_configured": 20,
  "patience": 5,
  "num_trainable_params": 4098,
  "num_frozen_params": 23508032,
  "num_total_params": 23512130,
  "trainable_pct": 0.02,
  "dataset": {
    "train": {
      "total": 18847,
      "fire": 9763,
      "nofire": 9084
    },
    "val": {
      "total": 2356,
      "fire": 1220,
      "nofire": 1136
    },
    "test": {
      "total": 2356,
      "fire": 1221,
      "nofire": 1135
    }
  },
  "class_weights": [
    1.0374,
    0.9652
  ],
  "epochs_completed": 20,
  "early_stopped": false,
  "test_acc": 0.96944,
  "test_loss": 0.096253,
  "test_precision_fire": 0.9744,
  "test_recall_fire": 0.9664,
  "test_f1_fire": 0.9704,
  "test_precision_nofire": 0.9642,
  "test_recall_nofire": 0.9727,
  "test_f1_nofire": 0.9684,
  "test_confusion_matrix": [
    [
      1104,
      31
    ],
    [
      41,
      1180
    ]
  ],
  "best_val_acc": 0.966469,
  "best_val_loss": 0.093943,
  "best_val_f1_fire": 0.967583,
  "best_val_f1_macro": 0.966429,
  "best_epoch": 20,
  "total_train_time_seconds": 3041.61,
  "train_history": [
    {
      "epoch": 1,
      "train_loss": 0.293172,
      "train_acc": 0.875372,
      "val_loss": 0.13531,
      "val_acc": 0.951188,
      "val_f1_fire": 0.952183,
      "val_f1_nofire": 0.950152,
      "val_f1_macro": 0.951167,
      "lr": 0.0009938441702975688,
      "epoch_time_seconds": 180.06
    },
    {
      "epoch": 2,
      "train_loss": 0.249548,
      "train_acc": 0.898311,
      "val_loss": 0.125509,
      "val_acc": 0.954584,
      "val_f1_fire": 0.95584,
      "val_f1_nofire": 0.953255,
      "val_f1_macro": 0.954547,
      "lr": 0.0009755282581475768,
      "epoch_time_seconds": 168.25
    },
    {
      "epoch": 3,
      "train_loss": 0.246104,
      "train_acc": 0.902188,
      "val_loss": 0.125712,
      "val_acc": 0.950764,
      "val_f1_fire": 0.951505,
      "val_f1_nofire": 0.95,
      "val_f1_macro": 0.950753,
      "lr": 0.0009455032620941839,
      "epoch_time_seconds": 150.79
    },
    {
      "epoch": 4,
      "train_loss": 0.232642,
      "train_acc": 0.908825,
      "val_loss": 0.111357,
      "val_acc": 0.957131,
      "val_f1_fire": 0.957969,
      "val_f1_nofire": 0.956258,
      "val_f1_macro": 0.957114,
      "lr": 0.0009045084971874737,
      "epoch_time_seconds": 148.77
    },
    {
      "epoch": 5,
      "train_loss": 0.260204,
      "train_acc": 0.898577,
      "val_loss": 0.110436,
      "val_acc": 0.960102,
      "val_f1_fire": 0.960931,
      "val_f1_nofire": 0.959237,
      "val_f1_macro": 0.960084,
      "lr": 0.0008535533905932737,
      "epoch_time_seconds": 148.91
    },
    {
      "epoch": 6,
      "train_loss": 0.224569,
      "train_acc": 0.911056,
      "val_loss": 0.126192,
      "val_acc": 0.955857,
      "val_f1_fire": 0.9583,
      "val_f1_nofire": 0.953111,
      "val_f1_macro": 0.955705,
      "lr": 0.0007938926261462366,
      "epoch_time_seconds": 149.28
    },
    {
      "epoch": 7,
      "train_loss": 0.231315,
      "train_acc": 0.906914,
      "val_loss": 0.126907,
      "val_acc": 0.952462,
      "val_f1_fire": 0.952623,
      "val_f1_nofire": 0.9523,
      "val_f1_macro": 0.952461,
      "lr": 0.0007269952498697733,
      "epoch_time_seconds": 148.93
    },
    {
      "epoch": 8,
      "train_loss": 0.225998,
      "train_acc": 0.913073,
      "val_loss": 0.111573,
      "val_acc": 0.960526,
      "val_f1_fire": 0.961137,
      "val_f1_nofire": 0.959897,
      "val_f1_macro": 0.960517,
      "lr": 0.0006545084971874737,
      "epoch_time_seconds": 148.6
    },
    {
      "epoch": 9,
      "train_loss": 0.227099,
      "train_acc": 0.909887,
      "val_loss": 0.122578,
      "val_acc": 0.953735,
      "val_f1_fire": 0.953989,
      "val_f1_nofire": 0.953478,
      "val_f1_macro": 0.953734,
      "lr": 0.0005782172325201155,
      "epoch_time_seconds": 148.42
    },
    {
      "epoch": 10,
      "train_loss": 0.22619,
      "train_acc": 0.912861,
      "val_loss": 0.102917,
      "val_acc": 0.962649,
      "val_f1_fire": 0.963485,
      "val_f1_nofire": 0.961772,
      "val_f1_macro": 0.962629,
      "lr": 0.0005,
      "epoch_time_seconds": 148.93
    },
    {
      "epoch": 11,
      "train_loss": 0.21659,
      "train_acc": 0.91541,
      "val_loss": 0.105351,
      "val_acc": 0.960526,
      "val_f1_fire": 0.961234,
      "val_f1_nofire": 0.959792,
      "val_f1_macro": 0.960513,
      "lr": 0.0004217827674798847,
      "epoch_time_seconds": 148.61
    },
    {
      "epoch": 12,
      "train_loss": 0.219788,
      "train_acc": 0.915569,
      "val_loss": 0.12041,
      "val_acc": 0.959253,
      "val_f1_fire": 0.961508,
      "val_f1_nofire": 0.956718,
      "val_f1_macro": 0.959113,
      "lr": 0.00034549150281252633,
      "epoch_time_seconds": 149.46
    },
    {
      "epoch": 13,
      "train_loss": 0.213632,
      "train_acc": 0.91541,
      "val_loss": 0.121968,
      "val_acc": 0.960102,
      "val_f1_fire": 0.962219,
      "val_f1_nofire": 0.957734,
      "val_f1_macro": 0.959976,
      "lr": 0.00027300475013022663,
      "epoch_time_seconds": 149.75
    },
    {
      "epoch": 14,
      "train_loss": 0.203454,
      "train_acc": 0.918277,
      "val_loss": 0.095273,
      "val_acc": 0.969015,
      "val_f1_fire": 0.969872,
      "val_f1_nofire": 0.968108,
      "val_f1_macro": 0.96899,
      "lr": 0.00020610737385376348,
      "epoch_time_seconds": 149.92
    },
    {
      "epoch": 15,
      "train_loss": 0.207207,
      "train_acc": 0.918702,
      "val_loss": 0.103289,
      "val_acc": 0.964771,
      "val_f1_fire": 0.965373,
      "val_f1_nofire": 0.964147,
      "val_f1_macro": 0.96476,
      "lr": 0.00014644660940672625,
      "epoch_time_seconds": 150.3
    },
    {
      "epoch": 16,
      "train_loss": 0.202925,
      "train_acc": 0.919817,
      "val_loss": 0.099169,
      "val_acc": 0.966893,
      "val_f1_fire": 0.967581,
      "val_f1_nofire": 0.966175,
      "val_f1_macro": 0.966878,
      "lr": 9.549150281252631e-05,
      "epoch_time_seconds": 149.74
    },
    {
      "epoch": 17,
      "train_loss": 0.200054,
      "train_acc": 0.92003,
      "val_loss": 0.09508,
      "val_acc": 0.970289,
      "val_f1_fire": 0.971335,
      "val_f1_nofire": 0.969163,
      "val_f1_macro": 0.970249,
      "lr": 5.4496737905816096e-05,
      "epoch_time_seconds": 149.44
    },
    {
      "epoch": 18,
      "train_loss": 0.205423,
      "train_acc": 0.917959,
      "val_loss": 0.094841,
      "val_acc": 0.967317,
      "val_f1_fire": 0.968142,
      "val_f1_nofire": 0.966449,
      "val_f1_macro": 0.967296,
      "lr": 2.447174185242323e-05,
      "epoch_time_seconds": 151.11
    },
    {
      "epoch": 19,
      "train_loss": 0.206728,
      "train_acc": 0.918755,
      "val_loss": 0.094641,
      "val_acc": 0.967742,
      "val_f1_fire": 0.968517,
      "val_f1_nofire": 0.966928,
      "val_f1_macro": 0.967722,
      "lr": 6.15582970243117e-06,
      "epoch_time_seconds": 149.91
    },
    {
      "epoch": 20,
      "train_loss": 0.203371,
      "train_acc": 0.919658,
      "val_loss": 0.093943,
      "val_acc": 0.966469,
      "val_f1_fire": 0.967583,
      "val_f1_nofire": 0.965275,
      "val_f1_macro": 0.966429,
      "lr": 0.0,
      "epoch_time_seconds": 150.6
    }
  ]
}