{
  "model": "resnet",
  "freeze_config": "freeze_conv1_layer1-4",
  "seed": 5,
  "device": "cuda",
  "gpu_name": "NVIDIA GeForce GTX 1060 3GB",
  "optimizer": "adamw",
  "lr": 0.001,
  "weight_decay": 0.01,
  "dropout": 0.1,
  "batch_size": 16,
  "grad_accum_steps": 2,
  "effective_batch_size": 32,
  "amp": false,
  "epochs_configured": 20,
  "patience": 5,
  "num_trainable_params": 4098,
  "num_frozen_params": 23508032,
  "num_total_params": 23512130,
  "trainable_pct": 0.02,
  "dataset": {
    "train": {
      "total": 18847,
      "fire": 9763,
      "nofire": 9084
    },
    "val": {
      "total": 2356,
      "fire": 1220,
      "nofire": 1136
    },
    "test": {
      "total": 2356,
      "fire": 1221,
      "nofire": 1135
    }
  },
  "class_weights": [
    1.0374,
    0.9652
  ],
  "epochs_completed": 15,
  "early_stopped": true,
  "test_acc": 0.968166,
  "test_loss": 0.101292,
  "test_precision_fire": 0.9697,
  "test_recall_fire": 0.9689,
  "test_f1_fire": 0.9693,
  "test_precision_nofire": 0.9665,
  "test_recall_nofire": 0.9674,
  "test_f1_nofire": 0.967,
  "test_confusion_matrix": [
    [
      1098,
      37
    ],
    [
      38,
      1183
    ]
  ],
  "best_val_acc": 0.964346,
  "best_val_loss": 0.100425,
  "best_val_f1_fire": 0.965798,
  "best_val_f1_macro": 0.964282,
  "best_epoch": 10,
  "total_train_time_seconds": 2295.22,
  "train_history": [
    {
      "epoch": 1,
      "train_loss": 0.290731,
      "train_acc": 0.878611,
      "val_loss": 0.129625,
      "val_acc": 0.950764,
      "val_f1_fire": 0.951907,
      "val_f1_nofire": 0.949565,
      "val_f1_macro": 0.950736,
      "lr": 0.0009938441702975688,
      "epoch_time_seconds": 168.93
    },
    {
      "epoch": 2,
      "train_loss": 0.266129,
      "train_acc": 0.893001,
      "val_loss": 0.15627,
      "val_acc": 0.947368,
      "val_f1_fire": 0.950988,
      "val_f1_nofire": 0.943171,
      "val_f1_macro": 0.94708,
      "lr": 0.0009755282581475768,
      "epoch_time_seconds": 178.52
    },
    {
      "epoch": 3,
      "train_loss": 0.238286,
      "train_acc": 0.903728,
      "val_loss": 0.119085,
      "val_acc": 0.960526,
      "val_f1_fire": 0.962424,
      "val_f1_nofire": 0.958426,
      "val_f1_macro": 0.960425,
      "lr": 0.0009455032620941839,
      "epoch_time_seconds": 163.17
    },
    {
      "epoch": 4,
      "train_loss": 0.248389,
      "train_acc": 0.898895,
      "val_loss": 0.110537,
      "val_acc": 0.960526,
      "val_f1_fire": 0.962056,
      "val_f1_nofire": 0.958868,
      "val_f1_macro": 0.960462,
      "lr": 0.0009045084971874737,
      "epoch_time_seconds": 151.11
    },
    {
      "epoch": 5,
      "train_loss": 0.246804,
      "train_acc": 0.902453,
      "val_loss": 0.103636,
      "val_acc": 0.960526,
      "val_f1_fire": 0.961491,
      "val_f1_nofire": 0.959512,
      "val_f1_macro": 0.960502,
      "lr": 0.0008535533905932737,
      "epoch_time_seconds": 148.72
    },
    {
      "epoch": 6,
      "train_loss": 0.234776,
      "train_acc": 0.905852,
      "val_loss": 0.112722,
      "val_acc": 0.962649,
      "val_f1_fire": 0.964487,
      "val_f1_nofire": 0.960609,
      "val_f1_macro": 0.962548,
      "lr": 0.0007938926261462366,
      "epoch_time_seconds": 148.47
    },
    {
      "epoch": 7,
      "train_loss": 0.24721,
      "train_acc": 0.900595,
      "val_loss": 0.104235,
      "val_acc": 0.966469,
      "val_f1_fire": 0.967716,
      "val_f1_nofire": 0.965121,
      "val_f1_macro": 0.966418,
      "lr": 0.0007269952498697733,
      "epoch_time_seconds": 148.72
    },
    {
      "epoch": 8,
      "train_loss": 0.224579,
      "train_acc": 0.912649,
      "val_loss": 0.10185,
      "val_acc": 0.96562,
      "val_f1_fire": 0.966925,
      "val_f1_nofire": 0.964207,
      "val_f1_macro": 0.965566,
      "lr": 0.0006545084971874737,
      "epoch_time_seconds": 148.47
    },
    {
      "epoch": 9,
      "train_loss": 0.22829,
      "train_acc": 0.911162,
      "val_loss": 0.109433,
      "val_acc": 0.961375,
      "val_f1_fire": 0.96341,
      "val_f1_nofire": 0.959101,
      "val_f1_macro": 0.961255,
      "lr": 0.0005782172325201155,
      "epoch_time_seconds": 148.45
    },
    {
      "epoch": 10,
      "train_loss": 0.223602,
      "train_acc": 0.911587,
      "val_loss": 0.100425,
      "val_acc": 0.964346,
      "val_f1_fire": 0.965798,
      "val_f1_nofire": 0.962766,
      "val_f1_macro": 0.964282,
      "lr": 0.0005,
      "epoch_time_seconds": 148.42
    },
    {
      "epoch": 11,
      "train_loss": 0.218947,
      "train_acc": 0.912542,
      "val_loss": 0.121586,
      "val_acc": 0.957131,
      "val_f1_fire": 0.957509,
      "val_f1_nofire": 0.956745,
      "val_f1_macro": 0.957127,
      "lr": 0.0004217827674798847,
      "epoch_time_seconds": 148.27
    },
    {
      "epoch": 12,
      "train_loss": 0.215071,
      "train_acc": 0.915198,
      "val_loss": 0.101941,
      "val_acc": 0.963073,
      "val_f1_fire": 0.963825,
      "val_f1_nofire": 0.962289,
      "val_f1_macro": 0.963057,
      "lr": 0.00034549150281252633,
      "epoch_time_seconds": 148.09
    },
    {
      "epoch": 13,
      "train_loss": 0.211318,
      "train_acc": 0.916737,
      "val_loss": 0.108791,
      "val_acc": 0.960526,
      "val_f1_fire": 0.961039,
      "val_f1_nofire": 0.96,
      "val_f1_macro": 0.960519,
      "lr": 0.00027300475013022663,
      "epoch_time_seconds": 148.08
    },
    {
      "epoch": 14,
      "train_loss": 0.21558,
      "train_acc": 0.916737,
      "val_loss": 0.102729,
      "val_acc": 0.963922,
      "val_f1_fire": 0.965545,
      "val_f1_nofire": 0.962138,
      "val_f1_macro": 0.963842,
      "lr": 0.00020610737385376348,
      "epoch_time_seconds": 148.46
    },
    {
      "epoch": 15,
      "train_loss": 0.210083,
      "train_acc": 0.9161,
      "val_loss": 0.106198,
      "val_acc": 0.961375,
      "val_f1_fire": 0.961909,
      "val_f1_nofire": 0.960827,
      "val_f1_macro": 0.961368,
      "lr": 0.00014644660940672625,
      "epoch_time_seconds": 148.26
    }
  ]
}