{
  "model": "resnet",
  "freeze_config": "freeze_conv1_layer1-4",
  "seed": 0,
  "device": "cuda",
  "gpu_name": "NVIDIA GeForce GTX 1060 3GB",
  "optimizer": "adamw",
  "lr": 0.001,
  "weight_decay": 0.01,
  "dropout": 0.1,
  "batch_size": 16,
  "grad_accum_steps": 2,
  "effective_batch_size": 32,
  "amp": false,
  "epochs_configured": 20,
  "patience": 5,
  "num_trainable_params": 4098,
  "num_frozen_params": 23508032,
  "num_total_params": 23512130,
  "trainable_pct": 0.02,
  "dataset": {
    "train": {
      "total": 18847,
      "fire": 9763,
      "nofire": 9084
    },
    "val": {
      "total": 2356,
      "fire": 1220,
      "nofire": 1136
    },
    "test": {
      "total": 2356,
      "fire": 1221,
      "nofire": 1135
    }
  },
  "class_weights": [
    1.0374,
    0.9652
  ],
  "epochs_completed": 15,
  "early_stopped": true,
  "test_acc": 0.964346,
  "test_loss": 0.100078,
  "test_precision_fire": 0.9726,
  "test_recall_fire": 0.9582,
  "test_f1_fire": 0.9653,
  "test_precision_nofire": 0.9558,
  "test_recall_nofire": 0.9709,
  "test_f1_nofire": 0.9633,
  "test_confusion_matrix": [
    [
      1102,
      33
    ],
    [
      51,
      1170
    ]
  ],
  "best_val_acc": 0.966044,
  "best_val_loss": 0.098305,
  "best_val_f1_fire": 0.967051,
  "best_val_f1_macro": 0.966012,
  "best_epoch": 10,
  "total_train_time_seconds": 2247.09,
  "train_history": [
    {
      "epoch": 1,
      "train_loss": 0.307347,
      "train_acc": 0.866929,
      "val_loss": 0.139204,
      "val_acc": 0.945671,
      "val_f1_fire": 0.947584,
      "val_f1_nofire": 0.943612,
      "val_f1_macro": 0.945598,
      "lr": 0.0009938441702975688,
      "epoch_time_seconds": 151.97
    },
    {
      "epoch": 2,
      "train_loss": 0.249623,
      "train_acc": 0.898046,
      "val_loss": 0.118664,
      "val_acc": 0.956282,
      "val_f1_fire": 0.957491,
      "val_f1_nofire": 0.955002,
      "val_f1_macro": 0.956246,
      "lr": 0.0009755282581475768,
      "epoch_time_seconds": 148.64
    },
    {
      "epoch": 3,
      "train_loss": 0.254076,
      "train_acc": 0.898949,
      "val_loss": 0.123962,
      "val_acc": 0.95416,
      "val_f1_fire": 0.954849,
      "val_f1_nofire": 0.953448,
      "val_f1_macro": 0.954149,
      "lr": 0.0009455032620941839,
      "epoch_time_seconds": 148.1
    },
    {
      "epoch": 4,
      "train_loss": 0.246628,
      "train_acc": 0.902188,
      "val_loss": 0.135378,
      "val_acc": 0.95416,
      "val_f1_fire": 0.957006,
      "val_f1_nofire": 0.950909,
      "val_f1_macro": 0.953958,
      "lr": 0.0009045084971874737,
      "epoch_time_seconds": 148.59
    },
    {
      "epoch": 5,
      "train_loss": 0.235836,
      "train_acc": 0.908507,
      "val_loss": 0.108256,
      "val_acc": 0.964771,
      "val_f1_fire": 0.965745,
      "val_f1_nofire": 0.96374,
      "val_f1_macro": 0.964742,
      "lr": 0.0008535533905932737,
      "epoch_time_seconds": 147.77
    },
    {
      "epoch": 6,
      "train_loss": 0.244527,
      "train_acc": 0.904259,
      "val_loss": 0.11894,
      "val_acc": 0.957131,
      "val_f1_fire": 0.957652,
      "val_f1_nofire": 0.956596,
      "val_f1_macro": 0.957124,
      "lr": 0.0007938926261462366,
      "epoch_time_seconds": 148.27
    },
    {
      "epoch": 7,
      "train_loss": 0.236056,
      "train_acc": 0.907339,
      "val_loss": 0.122987,
      "val_acc": 0.956282,
      "val_f1_fire": 0.956522,
      "val_f1_nofire": 0.956039,
      "val_f1_macro": 0.956281,
      "lr": 0.0007269952498697733,
      "epoch_time_seconds": 147.93
    },
    {
      "epoch": 8,
      "train_loss": 0.22659,
      "train_acc": 0.909728,
      "val_loss": 0.105553,
      "val_acc": 0.964771,
      "val_f1_fire": 0.965745,
      "val_f1_nofire": 0.96374,
      "val_f1_macro": 0.964742,
      "lr": 0.0006545084971874737,
      "epoch_time_seconds": 148.78
    },
    {
      "epoch": 9,
      "train_loss": 0.233226,
      "train_acc": 0.90856,
      "val_loss": 0.104523,
      "val_acc": 0.966044,
      "val_f1_fire": 0.96686,
      "val_f1_nofire": 0.965187,
      "val_f1_macro": 0.966024,
      "lr": 0.0005782172325201155,
      "epoch_time_seconds": 148.78
    },
    {
      "epoch": 10,
      "train_loss": 0.224534,
      "train_acc": 0.911534,
      "val_loss": 0.098305,
      "val_acc": 0.966044,
      "val_f1_fire": 0.967051,
      "val_f1_nofire": 0.964974,
      "val_f1_macro": 0.966012,
      "lr": 0.0005,
      "epoch_time_seconds": 148.27
    },
    {
      "epoch": 11,
      "train_loss": 0.21682,
      "train_acc": 0.915144,
      "val_loss": 0.101551,
      "val_acc": 0.963073,
      "val_f1_fire": 0.964124,
      "val_f1_nofire": 0.961959,
      "val_f1_macro": 0.963041,
      "lr": 0.0004217827674798847,
      "epoch_time_seconds": 164.06
    },
    {
      "epoch": 12,
      "train_loss": 0.218924,
      "train_acc": 0.914613,
      "val_loss": 0.099027,
      "val_acc": 0.966044,
      "val_f1_fire": 0.96686,
      "val_f1_nofire": 0.965187,
      "val_f1_macro": 0.966024,
      "lr": 0.00034549150281252633,
      "epoch_time_seconds": 148.68
    },
    {
      "epoch": 13,
      "train_loss": 0.209971,
      "train_acc": 0.917162,
      "val_loss": 0.1032,
      "val_acc": 0.963922,
      "val_f1_fire": 0.964716,
      "val_f1_nofire": 0.963092,
      "val_f1_macro": 0.963904,
      "lr": 0.00027300475013022663,
      "epoch_time_seconds": 147.75
    },
    {
      "epoch": 14,
      "train_loss": 0.211348,
      "train_acc": 0.915994,
      "val_loss": 0.098441,
      "val_acc": 0.967317,
      "val_f1_fire": 0.968404,
      "val_f1_nofire": 0.966154,
      "val_f1_macro": 0.967279,
      "lr": 0.00020610737385376348,
      "epoch_time_seconds": 147.94
    },
    {
      "epoch": 15,
      "train_loss": 0.214444,
      "train_acc": 0.914242,
      "val_loss": 0.100569,
      "val_acc": 0.967742,
      "val_f1_fire": 0.969005,
      "val_f1_nofire": 0.966372,
      "val_f1_macro": 0.967688,
      "lr": 0.00014644660940672625,
      "epoch_time_seconds": 150.42
    }
  ]
}