{
  "model": "hybrid",
  "freeze_config": "freeze_transformer_only",
  "seed": 10,
  "device": "cuda",
  "gpu_name": "NVIDIA GeForce RTX 4090",
  "optimizer": "adamw",
  "lr": 0.001,
  "weight_decay": 0.01,
  "dropout": 0.1,
  "batch_size": 128,
  "grad_accum_steps": 1,
  "effective_batch_size": 128,
  "amp": true,
  "epochs_configured": 20,
  "patience": 5,
  "num_trainable_params": 9332034,
  "num_frozen_params": 85208064,
  "num_total_params": 94540098,
  "trainable_pct": 9.87,
  "dataset": {
    "train": {
      "total": 18847,
      "fire": 9763,
      "nofire": 9084
    },
    "val": {
      "total": 2356,
      "fire": 1220,
      "nofire": 1136
    },
    "test": {
      "total": 2356,
      "fire": 1221,
      "nofire": 1135
    }
  },
  "class_weights": [
    1.0374,
    0.9652
  ],
  "epochs_completed": 20,
  "early_stopped": false,
  "test_acc": 0.985144,
  "test_loss": 0.046217,
  "test_precision_fire": 0.9885,
  "test_recall_fire": 0.9828,
  "test_f1_fire": 0.9856,
  "test_precision_nofire": 0.9816,
  "test_recall_nofire": 0.9877,
  "test_f1_nofire": 0.9846,
  "test_confusion_matrix": [
    [
      1121,
      14
    ],
    [
      21,
      1200
    ]
  ],
  "best_val_acc": 0.991935,
  "best_val_loss": 0.030276,
  "best_val_f1_fire": 0.992216,
  "best_val_f1_macro": 0.991925,
  "best_epoch": 17,
  "total_train_time_seconds": 798.29,
  "train_history": [
    {
      "epoch": 1,
      "train_loss": 0.264588,
      "train_acc": 0.889456,
      "val_loss": 0.156561,
      "val_acc": 0.939728,
      "val_f1_fire": 0.941851,
      "val_f1_nofire": 0.937445,
      "val_f1_macro": 0.939648,
      "lr": 0.0009938441702975688,
      "epoch_time_seconds": 41.34
    },
    {
      "epoch": 2,
      "train_loss": 0.164854,
      "train_acc": 0.937128,
      "val_loss": 0.117356,
      "val_acc": 0.958829,
      "val_f1_fire": 0.960262,
      "val_f1_nofire": 0.957288,
      "val_f1_macro": 0.958775,
      "lr": 0.0009755282581475768,
      "epoch_time_seconds": 39.56
    },
    {
      "epoch": 3,
      "train_loss": 0.147686,
      "train_acc": 0.943187,
      "val_loss": 0.080804,
      "val_acc": 0.970289,
      "val_f1_fire": 0.971288,
      "val_f1_nofire": 0.969217,
      "val_f1_macro": 0.970253,
      "lr": 0.0009455032620941839,
      "epoch_time_seconds": 39.87
    },
    {
      "epoch": 4,
      "train_loss": 0.13044,
      "train_acc": 0.950999,
      "val_loss": 0.07777,
      "val_acc": 0.97326,
      "val_f1_fire": 0.974149,
      "val_f1_nofire": 0.972308,
      "val_f1_macro": 0.973228,
      "lr": 0.0009045084971874737,
      "epoch_time_seconds": 39.61
    },
    {
      "epoch": 5,
      "train_loss": 0.121372,
      "train_acc": 0.955623,
      "val_loss": 0.121411,
      "val_acc": 0.957131,
      "val_f1_fire": 0.959905,
      "val_f1_nofire": 0.953944,
      "val_f1_macro": 0.956925,
      "lr": 0.0008535533905932737,
      "epoch_time_seconds": 39.58
    },
    {
      "epoch": 6,
      "train_loss": 0.107186,
      "train_acc": 0.960034,
      "val_loss": 0.057696,
      "val_acc": 0.982598,
      "val_f1_fire": 0.983148,
      "val_f1_nofire": 0.98201,
      "val_f1_macro": 0.982579,
      "lr": 0.0007938926261462366,
      "epoch_time_seconds": 39.63
    },
    {
      "epoch": 7,
      "train_loss": 0.098004,
      "train_acc": 0.965668,
      "val_loss": 0.059788,
      "val_acc": 0.979626,
      "val_f1_fire": 0.980456,
      "val_f1_nofire": 0.978723,
      "val_f1_macro": 0.97959,
      "lr": 0.0007269952498697733,
      "epoch_time_seconds": 39.67
    },
    {
      "epoch": 8,
      "train_loss": 0.092012,
      "train_acc": 0.967368,
      "val_loss": 0.091399,
      "val_acc": 0.970713,
      "val_f1_fire": 0.970972,
      "val_f1_nofire": 0.97045,
      "val_f1_macro": 0.970711,
      "lr": 0.0006545084971874737,
      "epoch_time_seconds": 39.65
    },
    {
      "epoch": 9,
      "train_loss": 0.088519,
      "train_acc": 0.967687,
      "val_loss": 0.043685,
      "val_acc": 0.986418,
      "val_f1_fire": 0.98682,
      "val_f1_nofire": 0.985989,
      "val_f1_macro": 0.986405,
      "lr": 0.0005782172325201155,
      "epoch_time_seconds": 39.6
    },
    {
      "epoch": 10,
      "train_loss": 0.080274,
      "train_acc": 0.97146,
      "val_loss": 0.058229,
      "val_acc": 0.977929,
      "val_f1_fire": 0.978654,
      "val_f1_nofire": 0.977153,
      "val_f1_macro": 0.977903,
      "lr": 0.0005,
      "epoch_time_seconds": 39.52
    },
    {
      "epoch": 11,
      "train_loss": 0.074051,
      "train_acc": 0.974011,
      "val_loss": 0.04789,
      "val_acc": 0.983447,
      "val_f1_fire": 0.983984,
      "val_f1_nofire": 0.982872,
      "val_f1_macro": 0.983428,
      "lr": 0.0004217827674798847,
      "epoch_time_seconds": 39.67
    },
    {
      "epoch": 12,
      "train_loss": 0.065291,
      "train_acc": 0.97619,
      "val_loss": 0.040639,
      "val_acc": 0.987267,
      "val_f1_fire": 0.987705,
      "val_f1_nofire": 0.986796,
      "val_f1_macro": 0.98725,
      "lr": 0.00034549150281252633,
      "epoch_time_seconds": 39.61
    },
    {
      "epoch": 13,
      "train_loss": 0.063391,
      "train_acc": 0.978051,
      "val_loss": 0.037339,
      "val_acc": 0.988115,
      "val_f1_fire": 0.988525,
      "val_f1_nofire": 0.987676,
      "val_f1_macro": 0.9881,
      "lr": 0.00027300475013022663,
      "epoch_time_seconds": 39.61
    },
    {
      "epoch": 14,
      "train_loss": 0.057583,
      "train_acc": 0.980389,
      "val_loss": 0.035352,
      "val_acc": 0.989389,
      "val_f1_fire": 0.98975,
      "val_f1_nofire": 0.989001,
      "val_f1_macro": 0.989376,
      "lr": 0.00020610737385376348,
      "epoch_time_seconds": 39.57
    },
    {
      "epoch": 15,
      "train_loss": 0.054922,
      "train_acc": 0.980336,
      "val_loss": 0.037783,
      "val_acc": 0.987267,
      "val_f1_fire": 0.987675,
      "val_f1_nofire": 0.986831,
      "val_f1_macro": 0.987253,
      "lr": 0.00014644660940672625,
      "epoch_time_seconds": 39.73
    },
    {
      "epoch": 16,
      "train_loss": 0.049153,
      "train_acc": 0.983046,
      "val_loss": 0.031679,
      "val_acc": 0.990662,
      "val_f1_fire": 0.990961,
      "val_f1_nofire": 0.990342,
      "val_f1_macro": 0.990652,
      "lr": 9.549150281252631e-05,
      "epoch_time_seconds": 39.7
    },
    {
      "epoch": 17,
      "train_loss": 0.045702,
      "train_acc": 0.985066,
      "val_loss": 0.030276,
      "val_acc": 0.991935,
      "val_f1_fire": 0.992216,
      "val_f1_nofire": 0.991634,
      "val_f1_macro": 0.991925,
      "lr": 5.4496737905816096e-05,
      "epoch_time_seconds": 39.49
    },
    {
      "epoch": 18,
      "train_loss": 0.044385,
      "train_acc": 0.984853,
      "val_loss": 0.03297,
      "val_acc": 0.991511,
      "val_f1_fire": 0.991797,
      "val_f1_nofire": 0.991205,
      "val_f1_macro": 0.991501,
      "lr": 2.447174185242323e-05,
      "epoch_time_seconds": 39.57
    },
    {
      "epoch": 19,
      "train_loss": 0.040934,
      "train_acc": 0.985916,
      "val_loss": 0.030892,
      "val_acc": 0.99236,
      "val_f1_fire": 0.992623,
      "val_f1_nofire": 0.992077,
      "val_f1_macro": 0.99235,
      "lr": 6.15582970243117e-06,
      "epoch_time_seconds": 39.6
    },
    {
      "epoch": 20,
      "train_loss": 0.040723,
      "train_acc": 0.986395,
      "val_loss": 0.030817,
      "val_acc": 0.991935,
      "val_f1_fire": 0.99221,
      "val_f1_nofire": 0.991641,
      "val_f1_macro": 0.991925,
      "lr": 0.0,
      "epoch_time_seconds": 39.57
    }
  ]
}