{
  "model": "resnet",
  "freeze_config": "freeze_conv1",
  "seed": 10,
  "device": "cuda",
  "gpu_name": "NVIDIA GeForce GTX 1060 3GB",
  "optimizer": "adamw",
  "lr": 0.001,
  "weight_decay": 0.01,
  "dropout": 0.1,
  "batch_size": 16,
  "grad_accum_steps": 2,
  "effective_batch_size": 32,
  "amp": false,
  "epochs_configured": 20,
  "patience": 5,
  "num_trainable_params": 23502594,
  "num_frozen_params": 9536,
  "num_total_params": 23512130,
  "trainable_pct": 99.96,
  "dataset": {
    "train": {
      "total": 18847,
      "fire": 9763,
      "nofire": 9084
    },
    "val": {
      "total": 2356,
      "fire": 1220,
      "nofire": 1136
    },
    "test": {
      "total": 2356,
      "fire": 1221,
      "nofire": 1135
    }
  },
  "class_weights": [
    1.0374,
    0.9652
  ],
  "epochs_completed": 18,
  "early_stopped": true,
  "test_acc": 0.984295,
  "test_loss": 0.060464,
  "test_precision_fire": 0.986,
  "test_recall_fire": 0.9836,
  "test_f1_fire": 0.9848,
  "test_precision_nofire": 0.9824,
  "test_recall_nofire": 0.985,
  "test_f1_nofire": 0.9837,
  "test_confusion_matrix": [
    [
      1118,
      17
    ],
    [
      20,
      1201
    ]
  ],
  "best_val_acc": 0.981324,
  "best_val_loss": 0.061272,
  "best_val_f1_fire": 0.981908,
  "best_val_f1_macro": 0.981305,
  "best_epoch": 13,
  "total_train_time_seconds": 5697.76,
  "train_history": [
    {
      "epoch": 1,
      "train_loss": 0.332829,
      "train_acc": 0.860981,
      "val_loss": 0.207604,
      "val_acc": 0.920204,
      "val_f1_fire": 0.924132,
      "val_f1_nofire": 0.915846,
      "val_f1_macro": 0.919989,
      "lr": 0.0009938441702975688,
      "epoch_time_seconds": 326.32
    },
    {
      "epoch": 2,
      "train_loss": 0.238397,
      "train_acc": 0.907285,
      "val_loss": 0.147869,
      "val_acc": 0.949491,
      "val_f1_fire": 0.949937,
      "val_f1_nofire": 0.949036,
      "val_f1_macro": 0.949487,
      "lr": 0.0009755282581475768,
      "epoch_time_seconds": 314.39
    },
    {
      "epoch": 3,
      "train_loss": 0.210587,
      "train_acc": 0.921676,
      "val_loss": 0.109774,
      "val_acc": 0.967742,
      "val_f1_fire": 0.968673,
      "val_f1_nofire": 0.966754,
      "val_f1_macro": 0.967713,
      "lr": 0.0009455032620941839,
      "epoch_time_seconds": 314.3
    },
    {
      "epoch": 4,
      "train_loss": 0.189442,
      "train_acc": 0.929322,
      "val_loss": 0.127278,
      "val_acc": 0.957131,
      "val_f1_fire": 0.95733,
      "val_f1_nofire": 0.95693,
      "val_f1_macro": 0.95713,
      "lr": 0.0009045084971874737,
      "epoch_time_seconds": 314.75
    },
    {
      "epoch": 5,
      "train_loss": 0.173618,
      "train_acc": 0.936757,
      "val_loss": 0.13573,
      "val_acc": 0.957555,
      "val_f1_fire": 0.960128,
      "val_f1_nofire": 0.954628,
      "val_f1_macro": 0.957378,
      "lr": 0.0008535533905932737,
      "epoch_time_seconds": 314.2
    },
    {
      "epoch": 6,
      "train_loss": 0.151685,
      "train_acc": 0.944562,
      "val_loss": 0.094202,
      "val_acc": 0.968166,
      "val_f1_fire": 0.9694,
      "val_f1_nofire": 0.966829,
      "val_f1_macro": 0.968115,
      "lr": 0.0007938926261462366,
      "epoch_time_seconds": 314.06
    },
    {
      "epoch": 7,
      "train_loss": 0.14758,
      "train_acc": 0.946102,
      "val_loss": 0.087019,
      "val_acc": 0.971986,
      "val_f1_fire": 0.972884,
      "val_f1_nofire": 0.971027,
      "val_f1_macro": 0.971956,
      "lr": 0.0007269952498697733,
      "epoch_time_seconds": 314.78
    },
    {
      "epoch": 8,
      "train_loss": 0.137861,
      "train_acc": 0.950244,
      "val_loss": 0.093591,
      "val_acc": 0.972835,
      "val_f1_fire": 0.973532,
      "val_f1_nofire": 0.972101,
      "val_f1_macro": 0.972816,
      "lr": 0.0006545084971874737,
      "epoch_time_seconds": 314.63
    },
    {
      "epoch": 9,
      "train_loss": 0.129689,
      "train_acc": 0.952687,
      "val_loss": 0.087552,
      "val_acc": 0.971562,
      "val_f1_fire": 0.972348,
      "val_f1_nofire": 0.97073,
      "val_f1_macro": 0.971539,
      "lr": 0.0005782172325201155,
      "epoch_time_seconds": 315.23
    },
    {
      "epoch": 10,
      "train_loss": 0.119346,
      "train_acc": 0.955342,
      "val_loss": 0.078613,
      "val_acc": 0.97708,
      "val_f1_fire": 0.97763,
      "val_f1_nofire": 0.976501,
      "val_f1_macro": 0.977066,
      "lr": 0.0005,
      "epoch_time_seconds": 318.13
    },
    {
      "epoch": 11,
      "train_loss": 0.106766,
      "train_acc": 0.959112,
      "val_loss": 0.079034,
      "val_acc": 0.976231,
      "val_f1_fire": 0.977049,
      "val_f1_nofire": 0.975352,
      "val_f1_macro": 0.976201,
      "lr": 0.0004217827674798847,
      "epoch_time_seconds": 320.93
    },
    {
      "epoch": 12,
      "train_loss": 0.101723,
      "train_acc": 0.965272,
      "val_loss": 0.076003,
      "val_acc": 0.97708,
      "val_f1_fire": 0.977778,
      "val_f1_nofire": 0.976337,
      "val_f1_macro": 0.977057,
      "lr": 0.00034549150281252633,
      "epoch_time_seconds": 316.06
    },
    {
      "epoch": 13,
      "train_loss": 0.093352,
      "train_acc": 0.968564,
      "val_loss": 0.061272,
      "val_acc": 0.981324,
      "val_f1_fire": 0.981908,
      "val_f1_nofire": 0.980702,
      "val_f1_macro": 0.981305,
      "lr": 0.00027300475013022663,
      "epoch_time_seconds": 316.31
    },
    {
      "epoch": 14,
      "train_loss": 0.088123,
      "train_acc": 0.967927,
      "val_loss": 0.061593,
      "val_acc": 0.9809,
      "val_f1_fire": 0.981443,
      "val_f1_nofire": 0.980324,
      "val_f1_macro": 0.980883,
      "lr": 0.00020610737385376348,
      "epoch_time_seconds": 317.05
    },
    {
      "epoch": 15,
      "train_loss": 0.080544,
      "train_acc": 0.973184,
      "val_loss": 0.063449,
      "val_acc": 0.982598,
      "val_f1_fire": 0.983121,
      "val_f1_nofire": 0.982041,
      "val_f1_macro": 0.982581,
      "lr": 0.00014644660940672625,
      "epoch_time_seconds": 315.72
    },
    {
      "epoch": 16,
      "train_loss": 0.07832,
      "train_acc": 0.970901,
      "val_loss": 0.064607,
      "val_acc": 0.980475,
      "val_f1_fire": 0.980992,
      "val_f1_nofire": 0.97993,
      "val_f1_macro": 0.980461,
      "lr": 9.549150281252631e-05,
      "epoch_time_seconds": 316.51
    },
    {
      "epoch": 17,
      "train_loss": 0.07248,
      "train_acc": 0.974352,
      "val_loss": 0.064227,
      "val_acc": 0.981324,
      "val_f1_fire": 0.981863,
      "val_f1_nofire": 0.980752,
      "val_f1_macro": 0.981308,
      "lr": 5.4496737905816096e-05,
      "epoch_time_seconds": 315.75
    },
    {
      "epoch": 18,
      "train_loss": 0.065678,
      "train_acc": 0.976954,
      "val_loss": 0.063398,
      "val_acc": 0.982598,
      "val_f1_fire": 0.983093,
      "val_f1_nofire": 0.982073,
      "val_f1_macro": 0.982583,
      "lr": 2.447174185242323e-05,
      "epoch_time_seconds": 314.52
    }
  ]
}