{
  "model": "hybrid",
  "freeze_config": "freeze_blocks0-3",
  "seed": 20,
  "device": "cuda",
  "gpu_name": "NVIDIA GeForce RTX 4090",
  "optimizer": "adamw",
  "lr": 0.001,
  "weight_decay": 0.01,
  "dropout": 0.1,
  "batch_size": 128,
  "grad_accum_steps": 1,
  "effective_batch_size": 128,
  "amp": true,
  "epochs_configured": 20,
  "patience": 5,
  "num_trainable_params": 66188610,
  "num_frozen_params": 28351488,
  "num_total_params": 94540098,
  "trainable_pct": 70.01,
  "dataset": {
    "train": {
      "total": 18847,
      "fire": 9763,
      "nofire": 9084
    },
    "val": {
      "total": 2356,
      "fire": 1220,
      "nofire": 1136
    },
    "test": {
      "total": 2356,
      "fire": 1221,
      "nofire": 1135
    }
  },
  "class_weights": [
    1.0374,
    0.9652
  ],
  "epochs_completed": 20,
  "early_stopped": false,
  "test_acc": 0.991511,
  "test_loss": 0.039545,
  "test_precision_fire": 0.9942,
  "test_recall_fire": 0.9894,
  "test_f1_fire": 0.9918,
  "test_precision_nofire": 0.9886,
  "test_recall_nofire": 0.9938,
  "test_f1_nofire": 0.9912,
  "test_confusion_matrix": [
    [
      1128,
      7
    ],
    [
      13,
      1208
    ]
  ],
  "best_val_acc": 0.989813,
  "best_val_loss": 0.033655,
  "best_val_f1_fire": 0.990164,
  "best_val_f1_macro": 0.9898,
  "best_epoch": 20,
  "total_train_time_seconds": 915.62,
  "train_history": [
    {
      "epoch": 1,
      "train_loss": 0.564081,
      "train_acc": 0.751329,
      "val_loss": 0.188377,
      "val_acc": 0.921477,
      "val_f1_fire": 0.92151,
      "val_f1_nofire": 0.921444,
      "val_f1_macro": 0.921477,
      "lr": 0.0009938441702975688,
      "epoch_time_seconds": 46.88
    },
    {
      "epoch": 2,
      "train_loss": 0.212421,
      "train_acc": 0.916879,
      "val_loss": 0.113158,
      "val_acc": 0.955008,
      "val_f1_fire": 0.957464,
      "val_f1_nofire": 0.952252,
      "val_f1_macro": 0.954858,
      "lr": 0.0009755282581475768,
      "epoch_time_seconds": 45.28
    },
    {
      "epoch": 3,
      "train_loss": 0.151133,
      "train_acc": 0.943399,
      "val_loss": 0.071035,
      "val_acc": 0.977929,
      "val_f1_fire": 0.978618,
      "val_f1_nofire": 0.977193,
      "val_f1_macro": 0.977906,
      "lr": 0.0009455032620941839,
      "epoch_time_seconds": 45.33
    },
    {
      "epoch": 4,
      "train_loss": 0.137753,
      "train_acc": 0.949936,
      "val_loss": 0.077314,
      "val_acc": 0.974109,
      "val_f1_fire": 0.975153,
      "val_f1_nofire": 0.972973,
      "val_f1_macro": 0.974063,
      "lr": 0.0009045084971874737,
      "epoch_time_seconds": 44.98
    },
    {
      "epoch": 5,
      "train_loss": 0.125512,
      "train_acc": 0.952009,
      "val_loss": 0.067546,
      "val_acc": 0.980475,
      "val_f1_fire": 0.981163,
      "val_f1_nofire": 0.979736,
      "val_f1_macro": 0.980449,
      "lr": 0.0008535533905932737,
      "epoch_time_seconds": 45.36
    },
    {
      "epoch": 6,
      "train_loss": 0.111004,
      "train_acc": 0.959928,
      "val_loss": 0.052311,
      "val_acc": 0.983022,
      "val_f1_fire": 0.983457,
      "val_f1_nofire": 0.982563,
      "val_f1_macro": 0.98301,
      "lr": 0.0007938926261462366,
      "epoch_time_seconds": 45.16
    },
    {
      "epoch": 7,
      "train_loss": 0.097974,
      "train_acc": 0.964923,
      "val_loss": 0.058626,
      "val_acc": 0.977504,
      "val_f1_fire": 0.97818,
      "val_f1_nofire": 0.976785,
      "val_f1_macro": 0.977483,
      "lr": 0.0007269952498697733,
      "epoch_time_seconds": 45.43
    },
    {
      "epoch": 8,
      "train_loss": 0.098203,
      "train_acc": 0.965083,
      "val_loss": 0.05408,
      "val_acc": 0.981749,
      "val_f1_fire": 0.982513,
      "val_f1_nofire": 0.980914,
      "val_f1_macro": 0.981714,
      "lr": 0.0006545084971874737,
      "epoch_time_seconds": 44.89
    },
    {
      "epoch": 9,
      "train_loss": 0.082162,
      "train_acc": 0.971567,
      "val_loss": 0.050457,
      "val_acc": 0.982598,
      "val_f1_fire": 0.983065,
      "val_f1_nofire": 0.982104,
      "val_f1_macro": 0.982584,
      "lr": 0.0005782172325201155,
      "epoch_time_seconds": 45.36
    },
    {
      "epoch": 10,
      "train_loss": 0.078341,
      "train_acc": 0.974011,
      "val_loss": 0.049108,
      "val_acc": 0.983022,
      "val_f1_fire": 0.98358,
      "val_f1_nofire": 0.982425,
      "val_f1_macro": 0.983002,
      "lr": 0.0005,
      "epoch_time_seconds": 45.16
    },
    {
      "epoch": 11,
      "train_loss": 0.074169,
      "train_acc": 0.974968,
      "val_loss": 0.070286,
      "val_acc": 0.975382,
      "val_f1_fire": 0.976707,
      "val_f1_nofire": 0.973897,
      "val_f1_macro": 0.975302,
      "lr": 0.0004217827674798847,
      "epoch_time_seconds": 45.42
    },
    {
      "epoch": 12,
      "train_loss": 0.067595,
      "train_acc": 0.976775,
      "val_loss": 0.039183,
      "val_acc": 0.986418,
      "val_f1_fire": 0.986853,
      "val_f1_nofire": 0.985953,
      "val_f1_macro": 0.986403,
      "lr": 0.00034549150281252633,
      "epoch_time_seconds": 45.02
    },
    {
      "epoch": 13,
      "train_loss": 0.061328,
      "train_acc": 0.978688,
      "val_loss": 0.038126,
      "val_acc": 0.985569,
      "val_f1_fire": 0.986156,
      "val_f1_nofire": 0.984929,
      "val_f1_macro": 0.985543,
      "lr": 0.00027300475013022663,
      "epoch_time_seconds": 45.07
    },
    {
      "epoch": 14,
      "train_loss": 0.058783,
      "train_acc": 0.980017,
      "val_loss": 0.036963,
      "val_acc": 0.989813,
      "val_f1_fire": 0.990156,
      "val_f1_nofire": 0.989446,
      "val_f1_macro": 0.989801,
      "lr": 0.00020610737385376348,
      "epoch_time_seconds": 44.94
    },
    {
      "epoch": 15,
      "train_loss": 0.050156,
      "train_acc": 0.983525,
      "val_loss": 0.048535,
      "val_acc": 0.985144,
      "val_f1_fire": 0.985567,
      "val_f1_nofire": 0.984696,
      "val_f1_macro": 0.985132,
      "lr": 0.00014644660940672625,
      "epoch_time_seconds": 45.29
    },
    {
      "epoch": 16,
      "train_loss": 0.047257,
      "train_acc": 0.983578,
      "val_loss": 0.038009,
      "val_acc": 0.98854,
      "val_f1_fire": 0.988975,
      "val_f1_nofire": 0.988069,
      "val_f1_macro": 0.988522,
      "lr": 9.549150281252631e-05,
      "epoch_time_seconds": 45.32
    },
    {
      "epoch": 17,
      "train_loss": 0.040864,
      "train_acc": 0.986448,
      "val_loss": 0.035861,
      "val_acc": 0.988964,
      "val_f1_fire": 0.989362,
      "val_f1_nofire": 0.988536,
      "val_f1_macro": 0.988949,
      "lr": 5.4496737905816096e-05,
      "epoch_time_seconds": 45.11
    },
    {
      "epoch": 18,
      "train_loss": 0.038606,
      "train_acc": 0.986926,
      "val_loss": 0.033754,
      "val_acc": 0.988964,
      "val_f1_fire": 0.98937,
      "val_f1_nofire": 0.988526,
      "val_f1_macro": 0.988948,
      "lr": 2.447174185242323e-05,
      "epoch_time_seconds": 45.28
    },
    {
      "epoch": 19,
      "train_loss": 0.039312,
      "train_acc": 0.986341,
      "val_loss": 0.033752,
      "val_acc": 0.989813,
      "val_f1_fire": 0.990164,
      "val_f1_nofire": 0.989437,
      "val_f1_macro": 0.9898,
      "lr": 6.15582970243117e-06,
      "epoch_time_seconds": 45.1
    },
    {
      "epoch": 20,
      "train_loss": 0.034412,
      "train_acc": 0.987989,
      "val_loss": 0.033655,
      "val_acc": 0.989813,
      "val_f1_fire": 0.990164,
      "val_f1_nofire": 0.989437,
      "val_f1_macro": 0.9898,
      "lr": 0.0,
      "epoch_time_seconds": 45.02
    }
  ]
}