{
  "model": "vit",
  "freeze_config": "freeze_patch",
  "seed": 5,
  "device": "cuda",
  "gpu_name": "NVIDIA GeForce RTX 5080",
  "optimizer": "adamw",
  "lr": 0.001,
  "weight_decay": 0.01,
  "dropout": 0.1,
  "batch_size": 128,
  "grad_accum_steps": 1,
  "effective_batch_size": 128,
  "amp": true,
  "epochs_configured": 20,
  "patience": 5,
  "num_trainable_params": 85057538,
  "num_frozen_params": 742656,
  "num_total_params": 85800194,
  "trainable_pct": 99.13,
  "dataset": {
    "train": {
      "total": 18847,
      "fire": 9763,
      "nofire": 9084
    },
    "val": {
      "total": 2356,
      "fire": 1220,
      "nofire": 1136
    },
    "test": {
      "total": 2356,
      "fire": 1221,
      "nofire": 1135
    }
  },
  "class_weights": [
    1.0374,
    0.9652
  ],
  "epochs_completed": 20,
  "early_stopped": false,
  "test_acc": 0.963922,
  "test_loss": 0.110178,
  "test_precision_fire": 0.9718,
  "test_recall_fire": 0.9582,
  "test_f1_fire": 0.9649,
  "test_precision_nofire": 0.9557,
  "test_recall_nofire": 0.97,
  "test_f1_nofire": 0.9628,
  "test_confusion_matrix": [
    [
      1101,
      34
    ],
    [
      51,
      1170
    ]
  ],
  "best_val_acc": 0.963073,
  "best_val_loss": 0.102832,
  "best_val_f1_fire": 0.964417,
  "best_val_f1_macro": 0.96302,
  "best_epoch": 15,
  "total_train_time_seconds": 861.52,
  "train_history": [
    {
      "epoch": 1,
      "train_loss": 0.520337,
      "train_acc": 0.759619,
      "val_loss": 0.261088,
      "val_acc": 0.891766,
      "val_f1_fire": 0.897959,
      "val_f1_nofire": 0.884772,
      "val_f1_macro": 0.891365,
      "lr": 0.0009938441702975688,
      "epoch_time_seconds": 42.87
    },
    {
      "epoch": 2,
      "train_loss": 0.292081,
      "train_acc": 0.880687,
      "val_loss": 0.226912,
      "val_acc": 0.911715,
      "val_f1_fire": 0.91164,
      "val_f1_nofire": 0.91179,
      "val_f1_macro": 0.911715,
      "lr": 0.0009755282581475768,
      "epoch_time_seconds": 41.09
    },
    {
      "epoch": 3,
      "train_loss": 0.256382,
      "train_acc": 0.894664,
      "val_loss": 0.257656,
      "val_acc": 0.895586,
      "val_f1_fire": 0.906464,
      "val_f1_nofire": 0.881844,
      "val_f1_macro": 0.894154,
      "lr": 0.0009455032620941839,
      "epoch_time_seconds": 40.6
    },
    {
      "epoch": 4,
      "train_loss": 0.2248,
      "train_acc": 0.909386,
      "val_loss": 0.189496,
      "val_acc": 0.91893,
      "val_f1_fire": 0.918201,
      "val_f1_nofire": 0.919647,
      "val_f1_macro": 0.918924,
      "lr": 0.0009045084971874737,
      "epoch_time_seconds": 41.87
    },
    {
      "epoch": 5,
      "train_loss": 0.220327,
      "train_acc": 0.912309,
      "val_loss": 0.171279,
      "val_acc": 0.932937,
      "val_f1_fire": 0.937102,
      "val_f1_nofire": 0.928182,
      "val_f1_macro": 0.932642,
      "lr": 0.0008535533905932737,
      "epoch_time_seconds": 41.66
    },
    {
      "epoch": 6,
      "train_loss": 0.207317,
      "train_acc": 0.917517,
      "val_loss": 0.132804,
      "val_acc": 0.949915,
      "val_f1_fire": 0.951159,
      "val_f1_nofire": 0.948606,
      "val_f1_macro": 0.949883,
      "lr": 0.0007938926261462366,
      "epoch_time_seconds": 41.99
    },
    {
      "epoch": 7,
      "train_loss": 0.196537,
      "train_acc": 0.924585,
      "val_loss": 0.149988,
      "val_acc": 0.943124,
      "val_f1_fire": 0.945837,
      "val_f1_nofire": 0.940125,
      "val_f1_macro": 0.942981,
      "lr": 0.0007269952498697733,
      "epoch_time_seconds": 41.13
    },
    {
      "epoch": 8,
      "train_loss": 0.186677,
      "train_acc": 0.926499,
      "val_loss": 0.139437,
      "val_acc": 0.945671,
      "val_f1_fire": 0.94822,
      "val_f1_nofire": 0.942857,
      "val_f1_macro": 0.945539,
      "lr": 0.0006545084971874737,
      "epoch_time_seconds": 41.8
    },
    {
      "epoch": 9,
      "train_loss": 0.182336,
      "train_acc": 0.930485,
      "val_loss": 0.132516,
      "val_acc": 0.947793,
      "val_f1_fire": 0.948643,
      "val_f1_nofire": 0.946914,
      "val_f1_macro": 0.947779,
      "lr": 0.0005782172325201155,
      "epoch_time_seconds": 41.51
    },
    {
      "epoch": 10,
      "train_loss": 0.173907,
      "train_acc": 0.932239,
      "val_loss": 0.116994,
      "val_acc": 0.960102,
      "val_f1_fire": 0.961125,
      "val_f1_nofire": 0.959024,
      "val_f1_macro": 0.960074,
      "lr": 0.0005,
      "epoch_time_seconds": 41.3
    },
    {
      "epoch": 11,
      "train_loss": 0.168055,
      "train_acc": 0.933355,
      "val_loss": 0.127598,
      "val_acc": 0.952462,
      "val_f1_fire": 0.95502,
      "val_f1_nofire": 0.949595,
      "val_f1_macro": 0.952308,
      "lr": 0.0004217827674798847,
      "epoch_time_seconds": 41.8
    },
    {
      "epoch": 12,
      "train_loss": 0.161942,
      "train_acc": 0.936384,
      "val_loss": 0.117784,
      "val_acc": 0.95798,
      "val_f1_fire": 0.960032,
      "val_f1_nofire": 0.955705,
      "val_f1_macro": 0.957868,
      "lr": 0.00034549150281252633,
      "epoch_time_seconds": 41.92
    },
    {
      "epoch": 13,
      "train_loss": 0.158432,
      "train_acc": 0.941061,
      "val_loss": 0.138184,
      "val_acc": 0.949066,
      "val_f1_fire": 0.952038,
      "val_f1_nofire": 0.945701,
      "val_f1_macro": 0.94887,
      "lr": 0.00027300475013022663,
      "epoch_time_seconds": 41.46
    },
    {
      "epoch": 14,
      "train_loss": 0.156911,
      "train_acc": 0.940795,
      "val_loss": 0.107185,
      "val_acc": 0.960526,
      "val_f1_fire": 0.962118,
      "val_f1_nofire": 0.958795,
      "val_f1_macro": 0.960456,
      "lr": 0.00020610737385376348,
      "epoch_time_seconds": 42.23
    },
    {
      "epoch": 15,
      "train_loss": 0.152913,
      "train_acc": 0.942868,
      "val_loss": 0.102832,
      "val_acc": 0.963073,
      "val_f1_fire": 0.964417,
      "val_f1_nofire": 0.961623,
      "val_f1_macro": 0.96302,
      "lr": 0.00014644660940672625,
      "epoch_time_seconds": 41.62
    },
    {
      "epoch": 16,
      "train_loss": 0.148219,
      "train_acc": 0.942761,
      "val_loss": 0.12459,
      "val_acc": 0.953311,
      "val_f1_fire": 0.956105,
      "val_f1_nofire": 0.950136,
      "val_f1_macro": 0.953121,
      "lr": 9.549150281252631e-05,
      "epoch_time_seconds": 41.75
    },
    {
      "epoch": 17,
      "train_loss": 0.14456,
      "train_acc": 0.945047,
      "val_loss": 0.111828,
      "val_acc": 0.961375,
      "val_f1_fire": 0.963262,
      "val_f1_nofire": 0.959284,
      "val_f1_macro": 0.961273,
      "lr": 5.4496737905816096e-05,
      "epoch_time_seconds": 41.9
    },
    {
      "epoch": 18,
      "train_loss": 0.142644,
      "train_acc": 0.947438,
      "val_loss": 0.107164,
      "val_acc": 0.964346,
      "val_f1_fire": 0.965992,
      "val_f1_nofire": 0.962533,
      "val_f1_macro": 0.964263,
      "lr": 2.447174185242323e-05,
      "epoch_time_seconds": 41.77
    },
    {
      "epoch": 19,
      "train_loss": 0.137062,
      "train_acc": 0.948501,
      "val_loss": 0.103756,
      "val_acc": 0.969015,
      "val_f1_fire": 0.970313,
      "val_f1_nofire": 0.967599,
      "val_f1_macro": 0.968956,
      "lr": 6.15582970243117e-06,
      "epoch_time_seconds": 41.62
    },
    {
      "epoch": 20,
      "train_loss": 0.141775,
      "train_acc": 0.946429,
      "val_loss": 0.106288,
      "val_acc": 0.964771,
      "val_f1_fire": 0.96641,
      "val_f1_nofire": 0.962963,
      "val_f1_macro": 0.964687,
      "lr": 0.0,
      "epoch_time_seconds": 40.71
    }
  ]
}