{
  "model": "vit",
  "freeze_config": "freeze_patch",
  "seed": 10,
  "device": "cuda",
  "gpu_name": "NVIDIA GeForce RTX 5080",
  "optimizer": "adamw",
  "lr": 0.001,
  "weight_decay": 0.01,
  "dropout": 0.1,
  "batch_size": 128,
  "grad_accum_steps": 1,
  "effective_batch_size": 128,
  "amp": true,
  "epochs_configured": 20,
  "patience": 5,
  "num_trainable_params": 85057538,
  "num_frozen_params": 742656,
  "num_total_params": 85800194,
  "trainable_pct": 99.13,
  "dataset": {
    "train": {
      "total": 18847,
      "fire": 9763,
      "nofire": 9084
    },
    "val": {
      "total": 2356,
      "fire": 1220,
      "nofire": 1136
    },
    "test": {
      "total": 2356,
      "fire": 1221,
      "nofire": 1135
    }
  },
  "class_weights": [
    1.0374,
    0.9652
  ],
  "epochs_completed": 20,
  "early_stopped": false,
  "test_acc": 0.963073,
  "test_loss": 0.107157,
  "test_precision_fire": 0.9625,
  "test_recall_fire": 0.9664,
  "test_f1_fire": 0.9644,
  "test_precision_nofire": 0.9637,
  "test_recall_nofire": 0.9595,
  "test_f1_nofire": 0.9616,
  "test_confusion_matrix": [
    [
      1089,
      46
    ],
    [
      41,
      1180
    ]
  ],
  "best_val_acc": 0.963497,
  "best_val_loss": 0.102492,
  "best_val_f1_fire": 0.965267,
  "best_val_f1_macro": 0.963403,
  "best_epoch": 17,
  "total_train_time_seconds": 863.88,
  "train_history": [
    {
      "epoch": 1,
      "train_loss": 0.560855,
      "train_acc": 0.753827,
      "val_loss": 0.28338,
      "val_acc": 0.875637,
      "val_f1_fire": 0.887438,
      "val_f1_nofire": 0.861072,
      "val_f1_macro": 0.874255,
      "lr": 0.0009938441702975688,
      "epoch_time_seconds": 43.79
    },
    {
      "epoch": 2,
      "train_loss": 0.296446,
      "train_acc": 0.875903,
      "val_loss": 0.221184,
      "val_acc": 0.907046,
      "val_f1_fire": 0.913405,
      "val_f1_nofire": 0.899679,
      "val_f1_macro": 0.906542,
      "lr": 0.0009755282581475768,
      "epoch_time_seconds": 40.38
    },
    {
      "epoch": 3,
      "train_loss": 0.261777,
      "train_acc": 0.892273,
      "val_loss": 0.248772,
      "val_acc": 0.905348,
      "val_f1_fire": 0.913398,
      "val_f1_nofire": 0.895648,
      "val_f1_macro": 0.904523,
      "lr": 0.0009455032620941839,
      "epoch_time_seconds": 41.77
    },
    {
      "epoch": 4,
      "train_loss": 0.238686,
      "train_acc": 0.901733,
      "val_loss": 0.181123,
      "val_acc": 0.931664,
      "val_f1_fire": 0.932495,
      "val_f1_nofire": 0.930812,
      "val_f1_macro": 0.931653,
      "lr": 0.0009045084971874737,
      "epoch_time_seconds": 41.64
    },
    {
      "epoch": 5,
      "train_loss": 0.227288,
      "train_acc": 0.908801,
      "val_loss": 0.159349,
      "val_acc": 0.940577,
      "val_f1_fire": 0.943274,
      "val_f1_nofire": 0.937611,
      "val_f1_macro": 0.940443,
      "lr": 0.0008535533905932737,
      "epoch_time_seconds": 41.78
    },
    {
      "epoch": 6,
      "train_loss": 0.210297,
      "train_acc": 0.918314,
      "val_loss": 0.182241,
      "val_acc": 0.925722,
      "val_f1_fire": 0.930251,
      "val_f1_nofire": 0.920563,
      "val_f1_macro": 0.925407,
      "lr": 0.0007938926261462366,
      "epoch_time_seconds": 41.89
    },
    {
      "epoch": 7,
      "train_loss": 0.199771,
      "train_acc": 0.920387,
      "val_loss": 0.149135,
      "val_acc": 0.942275,
      "val_f1_fire": 0.943848,
      "val_f1_nofire": 0.940611,
      "val_f1_macro": 0.94223,
      "lr": 0.0007269952498697733,
      "epoch_time_seconds": 41.44
    },
    {
      "epoch": 8,
      "train_loss": 0.195614,
      "train_acc": 0.923097,
      "val_loss": 0.140847,
      "val_acc": 0.94652,
      "val_f1_fire": 0.949316,
      "val_f1_nofire": 0.943396,
      "val_f1_macro": 0.946356,
      "lr": 0.0006545084971874737,
      "epoch_time_seconds": 41.82
    },
    {
      "epoch": 9,
      "train_loss": 0.18534,
      "train_acc": 0.927509,
      "val_loss": 0.142706,
      "val_acc": 0.947368,
      "val_f1_fire": 0.950558,
      "val_f1_nofire": 0.943739,
      "val_f1_macro": 0.947148,
      "lr": 0.0005782172325201155,
      "epoch_time_seconds": 41.88
    },
    {
      "epoch": 10,
      "train_loss": 0.178036,
      "train_acc": 0.929953,
      "val_loss": 0.126725,
      "val_acc": 0.953735,
      "val_f1_fire": 0.955781,
      "val_f1_nofire": 0.951491,
      "val_f1_macro": 0.953636,
      "lr": 0.0005,
      "epoch_time_seconds": 41.5
    },
    {
      "epoch": 11,
      "train_loss": 0.174503,
      "train_acc": 0.932664,
      "val_loss": 0.143868,
      "val_acc": 0.945246,
      "val_f1_fire": 0.948951,
      "val_f1_nofire": 0.940961,
      "val_f1_macro": 0.944956,
      "lr": 0.0004217827674798847,
      "epoch_time_seconds": 41.65
    },
    {
      "epoch": 12,
      "train_loss": 0.169379,
      "train_acc": 0.934364,
      "val_loss": 0.111518,
      "val_acc": 0.9618,
      "val_f1_fire": 0.963415,
      "val_f1_nofire": 0.960036,
      "val_f1_macro": 0.961725,
      "lr": 0.00034549150281252633,
      "epoch_time_seconds": 41.18
    },
    {
      "epoch": 13,
      "train_loss": 0.160589,
      "train_acc": 0.936012,
      "val_loss": 0.11614,
      "val_acc": 0.959253,
      "val_f1_fire": 0.961165,
      "val_f1_nofire": 0.957143,
      "val_f1_macro": 0.959154,
      "lr": 0.00027300475013022663,
      "epoch_time_seconds": 41.52
    },
    {
      "epoch": 14,
      "train_loss": 0.15137,
      "train_acc": 0.941699,
      "val_loss": 0.125272,
      "val_acc": 0.954584,
      "val_f1_fire": 0.957114,
      "val_f1_nofire": 0.951737,
      "val_f1_macro": 0.954425,
      "lr": 0.00020610737385376348,
      "epoch_time_seconds": 41.86
    },
    {
      "epoch": 15,
      "train_loss": 0.150398,
      "train_acc": 0.942868,
      "val_loss": 0.115892,
      "val_acc": 0.95798,
      "val_f1_fire": 0.960257,
      "val_f1_nofire": 0.955425,
      "val_f1_macro": 0.957841,
      "lr": 0.00014644660940672625,
      "epoch_time_seconds": 40.45
    },
    {
      "epoch": 16,
      "train_loss": 0.142028,
      "train_acc": 0.946854,
      "val_loss": 0.103609,
      "val_acc": 0.9618,
      "val_f1_fire": 0.963622,
      "val_f1_nofire": 0.959786,
      "val_f1_macro": 0.961704,
      "lr": 9.549150281252631e-05,
      "epoch_time_seconds": 41.81
    },
    {
      "epoch": 17,
      "train_loss": 0.139699,
      "train_acc": 0.949883,
      "val_loss": 0.102492,
      "val_acc": 0.963497,
      "val_f1_fire": 0.965267,
      "val_f1_nofire": 0.961538,
      "val_f1_macro": 0.963403,
      "lr": 5.4496737905816096e-05,
      "epoch_time_seconds": 40.24
    },
    {
      "epoch": 18,
      "train_loss": 0.1425,
      "train_acc": 0.945366,
      "val_loss": 0.104976,
      "val_acc": 0.959677,
      "val_f1_fire": 0.961801,
      "val_f1_nofire": 0.957303,
      "val_f1_macro": 0.959552,
      "lr": 2.447174185242323e-05,
      "epoch_time_seconds": 41.52
    },
    {
      "epoch": 19,
      "train_loss": 0.136745,
      "train_acc": 0.948182,
      "val_loss": 0.104717,
      "val_acc": 0.963073,
      "val_f1_fire": 0.964905,
      "val_f1_nofire": 0.961039,
      "val_f1_macro": 0.962972,
      "lr": 6.15582970243117e-06,
      "epoch_time_seconds": 41.43
    },
    {
      "epoch": 20,
      "train_loss": 0.136803,
      "train_acc": 0.949511,
      "val_loss": 0.105166,
      "val_acc": 0.960951,
      "val_f1_fire": 0.963023,
      "val_f1_nofire": 0.958633,
      "val_f1_macro": 0.960828,
      "lr": 0.0,
      "epoch_time_seconds": 41.81
    }
  ]
}