{
  "model": "vit",
  "freeze_config": "freeze_patch",
  "seed": 0,
  "device": "cuda",
  "gpu_name": "NVIDIA GeForce RTX 5080",
  "optimizer": "adamw",
  "lr": 0.001,
  "weight_decay": 0.01,
  "dropout": 0.1,
  "batch_size": 128,
  "grad_accum_steps": 1,
  "effective_batch_size": 128,
  "amp": true,
  "epochs_configured": 20,
  "patience": 5,
  "num_trainable_params": 85057538,
  "num_frozen_params": 742656,
  "num_total_params": 85800194,
  "trainable_pct": 99.13,
  "dataset": {
    "train": {
      "total": 18847,
      "fire": 9763,
      "nofire": 9084
    },
    "val": {
      "total": 2356,
      "fire": 1220,
      "nofire": 1136
    },
    "test": {
      "total": 2356,
      "fire": 1221,
      "nofire": 1135
    }
  },
  "class_weights": [
    1.0374,
    0.9652
  ],
  "epochs_completed": 20,
  "early_stopped": false,
  "test_acc": 0.961375,
  "test_loss": 0.120287,
  "test_precision_fire": 0.9542,
  "test_recall_fire": 0.9722,
  "test_f1_fire": 0.9631,
  "test_precision_nofire": 0.9694,
  "test_recall_nofire": 0.9498,
  "test_f1_nofire": 0.9595,
  "test_confusion_matrix": [
    [
      1078,
      57
    ],
    [
      34,
      1187
    ]
  ],
  "best_val_acc": 0.955857,
  "best_val_loss": 0.114358,
  "best_val_f1_fire": 0.957689,
  "best_val_f1_macro": 0.955774,
  "best_epoch": 19,
  "total_train_time_seconds": 882.86,
  "train_history": [
    {
      "epoch": 1,
      "train_loss": 0.752624,
      "train_acc": 0.629092,
      "val_loss": 0.486369,
      "val_acc": 0.77292,
      "val_f1_fire": 0.80845,
      "val_f1_nofire": 0.721209,
      "val_f1_macro": 0.764829,
      "lr": 0.0009938441702975688,
      "epoch_time_seconds": 42.34
    },
    {
      "epoch": 2,
      "train_loss": 0.45948,
      "train_acc": 0.792358,
      "val_loss": 0.300244,
      "val_acc": 0.87309,
      "val_f1_fire": 0.87282,
      "val_f1_nofire": 0.873359,
      "val_f1_macro": 0.873089,
      "lr": 0.0009755282581475768,
      "epoch_time_seconds": 41.31
    },
    {
      "epoch": 3,
      "train_loss": 0.326385,
      "train_acc": 0.861288,
      "val_loss": 0.251181,
      "val_acc": 0.898132,
      "val_f1_fire": 0.899666,
      "val_f1_nofire": 0.896552,
      "val_f1_macro": 0.898109,
      "lr": 0.0009455032620941839,
      "epoch_time_seconds": 41.58
    },
    {
      "epoch": 4,
      "train_loss": 0.289095,
      "train_acc": 0.879943,
      "val_loss": 0.211719,
      "val_acc": 0.912564,
      "val_f1_fire": 0.913735,
      "val_f1_nofire": 0.91136,
      "val_f1_macro": 0.912548,
      "lr": 0.0009045084971874737,
      "epoch_time_seconds": 41.76
    },
    {
      "epoch": 5,
      "train_loss": 0.26376,
      "train_acc": 0.892751,
      "val_loss": 0.187105,
      "val_acc": 0.92275,
      "val_f1_fire": 0.925164,
      "val_f1_nofire": 0.920175,
      "val_f1_macro": 0.92267,
      "lr": 0.0008535533905932737,
      "epoch_time_seconds": 41.24
    },
    {
      "epoch": 6,
      "train_loss": 0.252545,
      "train_acc": 0.895674,
      "val_loss": 0.173649,
      "val_acc": 0.931239,
      "val_f1_fire": 0.933443,
      "val_f1_nofire": 0.928885,
      "val_f1_macro": 0.931164,
      "lr": 0.0007938926261462366,
      "epoch_time_seconds": 41.57
    },
    {
      "epoch": 7,
      "train_loss": 0.23824,
      "train_acc": 0.90338,
      "val_loss": 0.197572,
      "val_acc": 0.919779,
      "val_f1_fire": 0.926085,
      "val_f1_nofire": 0.912297,
      "val_f1_macro": 0.919191,
      "lr": 0.0007269952498697733,
      "epoch_time_seconds": 41.65
    },
    {
      "epoch": 8,
      "train_loss": 0.224142,
      "train_acc": 0.91013,
      "val_loss": 0.151194,
      "val_acc": 0.939304,
      "val_f1_fire": 0.940689,
      "val_f1_nofire": 0.937853,
      "val_f1_macro": 0.939271,
      "lr": 0.0006545084971874737,
      "epoch_time_seconds": 41.29
    },
    {
      "epoch": 9,
      "train_loss": 0.217307,
      "train_acc": 0.912256,
      "val_loss": 0.147062,
      "val_acc": 0.945246,
      "val_f1_fire": 0.946495,
      "val_f1_nofire": 0.943937,
      "val_f1_macro": 0.945216,
      "lr": 0.0005782172325201155,
      "epoch_time_seconds": 41.84
    },
    {
      "epoch": 10,
      "train_loss": 0.204877,
      "train_acc": 0.920812,
      "val_loss": 0.143293,
      "val_acc": 0.943548,
      "val_f1_fire": 0.946306,
      "val_f1_nofire": 0.940492,
      "val_f1_macro": 0.943399,
      "lr": 0.0005,
      "epoch_time_seconds": 41.35
    },
    {
      "epoch": 11,
      "train_loss": 0.201943,
      "train_acc": 0.92129,
      "val_loss": 0.13735,
      "val_acc": 0.941002,
      "val_f1_fire": 0.943381,
      "val_f1_nofire": 0.938414,
      "val_f1_macro": 0.940897,
      "lr": 0.0004217827674798847,
      "epoch_time_seconds": 41.37
    },
    {
      "epoch": 12,
      "train_loss": 0.194971,
      "train_acc": 0.923097,
      "val_loss": 0.132634,
      "val_acc": 0.950764,
      "val_f1_fire": 0.95296,
      "val_f1_nofire": 0.948353,
      "val_f1_macro": 0.950656,
      "lr": 0.00034549150281252633,
      "epoch_time_seconds": 41.74
    },
    {
      "epoch": 13,
      "train_loss": 0.192411,
      "train_acc": 0.92703,
      "val_loss": 0.129712,
      "val_acc": 0.949491,
      "val_f1_fire": 0.951089,
      "val_f1_nofire": 0.947784,
      "val_f1_macro": 0.949437,
      "lr": 0.00027300475013022663,
      "epoch_time_seconds": 40.77
    },
    {
      "epoch": 14,
      "train_loss": 0.181376,
      "train_acc": 0.926818,
      "val_loss": 0.118551,
      "val_acc": 0.954584,
      "val_f1_fire": 0.956201,
      "val_f1_nofire": 0.952843,
      "val_f1_macro": 0.954522,
      "lr": 0.00020610737385376348,
      "epoch_time_seconds": 41.52
    },
    {
      "epoch": 15,
      "train_loss": 0.17823,
      "train_acc": 0.929634,
      "val_loss": 0.120304,
      "val_acc": 0.951188,
      "val_f1_fire": 0.953042,
      "val_f1_nofire": 0.949183,
      "val_f1_macro": 0.951112,
      "lr": 0.00014644660940672625,
      "epoch_time_seconds": 41.49
    },
    {
      "epoch": 16,
      "train_loss": 0.175164,
      "train_acc": 0.930591,
      "val_loss": 0.127443,
      "val_acc": 0.952462,
      "val_f1_fire": 0.954984,
      "val_f1_nofire": 0.94964,
      "val_f1_macro": 0.952312,
      "lr": 9.549150281252631e-05,
      "epoch_time_seconds": 41.19
    },
    {
      "epoch": 17,
      "train_loss": 0.171352,
      "train_acc": 0.935321,
      "val_loss": 0.117515,
      "val_acc": 0.955433,
      "val_f1_fire": 0.957541,
      "val_f1_nofire": 0.953104,
      "val_f1_macro": 0.955323,
      "lr": 5.4496737905816096e-05,
      "epoch_time_seconds": 41.38
    },
    {
      "epoch": 18,
      "train_loss": 0.169403,
      "train_acc": 0.93564,
      "val_loss": 0.115374,
      "val_acc": 0.955008,
      "val_f1_fire": 0.956876,
      "val_f1_nofire": 0.952972,
      "val_f1_macro": 0.954924,
      "lr": 2.447174185242323e-05,
      "epoch_time_seconds": 41.34
    },
    {
      "epoch": 19,
      "train_loss": 0.172768,
      "train_acc": 0.933673,
      "val_loss": 0.114358,
      "val_acc": 0.955857,
      "val_f1_fire": 0.957689,
      "val_f1_nofire": 0.95386,
      "val_f1_macro": 0.955774,
      "lr": 6.15582970243117e-06,
      "epoch_time_seconds": 41.71
    },
    {
      "epoch": 20,
      "train_loss": 0.168628,
      "train_acc": 0.93479,
      "val_loss": 0.115395,
      "val_acc": 0.95416,
      "val_f1_fire": 0.956204,
      "val_f1_nofire": 0.951915,
      "val_f1_macro": 0.954059,
      "lr": 0.0,
      "epoch_time_seconds": 41.02
    }
  ]
}