{
  "model": "vit",
  "freeze_config": "freeze_patch",
  "seed": 15,
  "device": "cuda",
  "gpu_name": "NVIDIA GeForce RTX 5080",
  "optimizer": "adamw",
  "lr": 0.001,
  "weight_decay": 0.01,
  "dropout": 0.1,
  "batch_size": 128,
  "grad_accum_steps": 1,
  "effective_batch_size": 128,
  "amp": true,
  "epochs_configured": 20,
  "patience": 5,
  "num_trainable_params": 85057538,
  "num_frozen_params": 742656,
  "num_total_params": 85800194,
  "trainable_pct": 99.13,
  "dataset": {
    "train": {
      "total": 18847,
      "fire": 9763,
      "nofire": 9084
    },
    "val": {
      "total": 2356,
      "fire": 1220,
      "nofire": 1136
    },
    "test": {
      "total": 2356,
      "fire": 1221,
      "nofire": 1135
    }
  },
  "class_weights": [
    1.0374,
    0.9652
  ],
  "epochs_completed": 20,
  "early_stopped": false,
  "test_acc": 0.963497,
  "test_loss": 0.112958,
  "test_precision_fire": 0.9633,
  "test_recall_fire": 0.9664,
  "test_f1_fire": 0.9648,
  "test_precision_nofire": 0.9637,
  "test_recall_nofire": 0.9604,
  "test_f1_nofire": 0.962,
  "test_confusion_matrix": [
    [
      1090,
      45
    ],
    [
      41,
      1180
    ]
  ],
  "best_val_acc": 0.966044,
  "best_val_loss": 0.102343,
  "best_val_f1_fire": 0.967506,
  "best_val_f1_macro": 0.965975,
  "best_epoch": 18,
  "total_train_time_seconds": 859.53,
  "train_history": [
    {
      "epoch": 1,
      "train_loss": 0.519407,
      "train_acc": 0.759035,
      "val_loss": 0.275145,
      "val_acc": 0.894737,
      "val_f1_fire": 0.897521,
      "val_f1_nofire": 0.891798,
      "val_f1_macro": 0.894659,
      "lr": 0.0009938441702975688,
      "epoch_time_seconds": 42.9
    },
    {
      "epoch": 2,
      "train_loss": 0.334622,
      "train_acc": 0.860066,
      "val_loss": 0.23309,
      "val_acc": 0.909593,
      "val_f1_fire": 0.914217,
      "val_f1_nofire": 0.904441,
      "val_f1_macro": 0.909329,
      "lr": 0.0009755282581475768,
      "epoch_time_seconds": 41.72
    },
    {
      "epoch": 3,
      "train_loss": 0.266955,
      "train_acc": 0.890572,
      "val_loss": 0.268448,
      "val_acc": 0.888795,
      "val_f1_fire": 0.90038,
      "val_f1_nofire": 0.874159,
      "val_f1_macro": 0.88727,
      "lr": 0.0009455032620941839,
      "epoch_time_seconds": 41.34
    },
    {
      "epoch": 4,
      "train_loss": 0.241448,
      "train_acc": 0.901945,
      "val_loss": 0.185435,
      "val_acc": 0.925722,
      "val_f1_fire": 0.926129,
      "val_f1_nofire": 0.925309,
      "val_f1_macro": 0.925719,
      "lr": 0.0009045084971874737,
      "epoch_time_seconds": 41.18
    },
    {
      "epoch": 5,
      "train_loss": 0.229916,
      "train_acc": 0.905559,
      "val_loss": 0.174408,
      "val_acc": 0.932088,
      "val_f1_fire": 0.934747,
      "val_f1_nofire": 0.929204,
      "val_f1_macro": 0.931975,
      "lr": 0.0008535533905932737,
      "epoch_time_seconds": 40.76
    },
    {
      "epoch": 6,
      "train_loss": 0.214635,
      "train_acc": 0.915444,
      "val_loss": 0.17158,
      "val_acc": 0.931664,
      "val_f1_fire": 0.935831,
      "val_f1_nofire": 0.926918,
      "val_f1_macro": 0.931374,
      "lr": 0.0007938926261462366,
      "epoch_time_seconds": 40.12
    },
    {
      "epoch": 7,
      "train_loss": 0.215539,
      "train_acc": 0.916295,
      "val_loss": 0.147898,
      "val_acc": 0.942699,
      "val_f1_fire": 0.944604,
      "val_f1_nofire": 0.940659,
      "val_f1_macro": 0.942632,
      "lr": 0.0007269952498697733,
      "epoch_time_seconds": 40.48
    },
    {
      "epoch": 8,
      "train_loss": 0.199238,
      "train_acc": 0.921131,
      "val_loss": 0.193144,
      "val_acc": 0.932088,
      "val_f1_fire": 0.936458,
      "val_f1_nofire": 0.927074,
      "val_f1_macro": 0.931766,
      "lr": 0.0006545084971874737,
      "epoch_time_seconds": 40.72
    },
    {
      "epoch": 9,
      "train_loss": 0.198646,
      "train_acc": 0.922406,
      "val_loss": 0.138264,
      "val_acc": 0.947793,
      "val_f1_fire": 0.949816,
      "val_f1_nofire": 0.945599,
      "val_f1_macro": 0.947708,
      "lr": 0.0005782172325201155,
      "epoch_time_seconds": 39.97
    },
    {
      "epoch": 10,
      "train_loss": 0.184092,
      "train_acc": 0.930485,
      "val_loss": 0.129077,
      "val_acc": 0.949491,
      "val_f1_fire": 0.951369,
      "val_f1_nofire": 0.947461,
      "val_f1_macro": 0.949415,
      "lr": 0.0005,
      "epoch_time_seconds": 39.98
    },
    {
      "epoch": 11,
      "train_loss": 0.18062,
      "train_acc": 0.929422,
      "val_loss": 0.130417,
      "val_acc": 0.948642,
      "val_f1_fire": 0.949604,
      "val_f1_nofire": 0.947642,
      "val_f1_macro": 0.948623,
      "lr": 0.0004217827674798847,
      "epoch_time_seconds": 40.0
    },
    {
      "epoch": 12,
      "train_loss": 0.171247,
      "train_acc": 0.933673,
      "val_loss": 0.135127,
      "val_acc": 0.947368,
      "val_f1_fire": 0.950321,
      "val_f1_nofire": 0.944043,
      "val_f1_macro": 0.947182,
      "lr": 0.00034549150281252633,
      "epoch_time_seconds": 40.25
    },
    {
      "epoch": 13,
      "train_loss": 0.166555,
      "train_acc": 0.936543,
      "val_loss": 0.130822,
      "val_acc": 0.953311,
      "val_f1_fire": 0.95607,
      "val_f1_nofire": 0.950181,
      "val_f1_macro": 0.953126,
      "lr": 0.00027300475013022663,
      "epoch_time_seconds": 41.1
    },
    {
      "epoch": 14,
      "train_loss": 0.160713,
      "train_acc": 0.938616,
      "val_loss": 0.116872,
      "val_acc": 0.959677,
      "val_f1_fire": 0.961145,
      "val_f1_nofire": 0.958094,
      "val_f1_macro": 0.95962,
      "lr": 0.00020610737385376348,
      "epoch_time_seconds": 41.62
    },
    {
      "epoch": 15,
      "train_loss": 0.154262,
      "train_acc": 0.940955,
      "val_loss": 0.108607,
      "val_acc": 0.960526,
      "val_f1_fire": 0.962272,
      "val_f1_nofire": 0.958611,
      "val_f1_macro": 0.960442,
      "lr": 0.00014644660940672625,
      "epoch_time_seconds": 40.38
    },
    {
      "epoch": 16,
      "train_loss": 0.155658,
      "train_acc": 0.939998,
      "val_loss": 0.106854,
      "val_acc": 0.960526,
      "val_f1_fire": 0.961838,
      "val_f1_nofire": 0.959121,
      "val_f1_macro": 0.96048,
      "lr": 9.549150281252631e-05,
      "epoch_time_seconds": 41.26
    },
    {
      "epoch": 17,
      "train_loss": 0.14706,
      "train_acc": 0.944834,
      "val_loss": 0.111347,
      "val_acc": 0.958829,
      "val_f1_fire": 0.960934,
      "val_f1_nofire": 0.956483,
      "val_f1_macro": 0.958709,
      "lr": 5.4496737905816096e-05,
      "epoch_time_seconds": 41.95
    },
    {
      "epoch": 18,
      "train_loss": 0.145045,
      "train_acc": 0.944781,
      "val_loss": 0.102343,
      "val_acc": 0.966044,
      "val_f1_fire": 0.967506,
      "val_f1_nofire": 0.964444,
      "val_f1_macro": 0.965975,
      "lr": 2.447174185242323e-05,
      "epoch_time_seconds": 41.58
    },
    {
      "epoch": 19,
      "train_loss": 0.143244,
      "train_acc": 0.948129,
      "val_loss": 0.109361,
      "val_acc": 0.959253,
      "val_f1_fire": 0.961353,
      "val_f1_nofire": 0.956912,
      "val_f1_macro": 0.959132,
      "lr": 6.15582970243117e-06,
      "epoch_time_seconds": 41.38
    },
    {
      "epoch": 20,
      "train_loss": 0.13967,
      "train_acc": 0.949245,
      "val_loss": 0.106308,
      "val_acc": 0.961375,
      "val_f1_fire": 0.963232,
      "val_f1_nofire": 0.959321,
      "val_f1_macro": 0.961276,
      "lr": 0.0,
      "epoch_time_seconds": 41.17
    }
  ]
}