{
  "model": "hybrid",
  "freeze_config": "freeze_blocks0-5",
  "seed": 10,
  "device": "cuda",
  "gpu_name": "NVIDIA GeForce RTX 4090",
  "optimizer": "adamw",
  "lr": 0.001,
  "weight_decay": 0.01,
  "dropout": 0.1,
  "batch_size": 128,
  "grad_accum_steps": 1,
  "effective_batch_size": 128,
  "amp": true,
  "epochs_configured": 20,
  "patience": 5,
  "num_trainable_params": 52012866,
  "num_frozen_params": 42527232,
  "num_total_params": 94540098,
  "trainable_pct": 55.02,
  "dataset": {
    "train": {
      "total": 18847,
      "fire": 9763,
      "nofire": 9084
    },
    "val": {
      "total": 2356,
      "fire": 1220,
      "nofire": 1136
    },
    "test": {
      "total": 2356,
      "fire": 1221,
      "nofire": 1135
    }
  },
  "class_weights": [
    1.0374,
    0.9652
  ],
  "epochs_completed": 20,
  "early_stopped": false,
  "test_acc": 0.978353,
  "test_loss": 0.077393,
  "test_precision_fire": 0.9779,
  "test_recall_fire": 0.9803,
  "test_f1_fire": 0.9791,
  "test_precision_nofire": 0.9788,
  "test_recall_nofire": 0.9762,
  "test_f1_nofire": 0.9775,
  "test_confusion_matrix": [
    [
      1108,
      27
    ],
    [
      24,
      1197
    ]
  ],
  "best_val_acc": 0.97708,
  "best_val_loss": 0.070539,
  "best_val_f1_fire": 0.977977,
  "best_val_f1_macro": 0.977042,
  "best_epoch": 20,
  "total_train_time_seconds": 897.33,
  "train_history": [
    {
      "epoch": 1,
      "train_loss": 0.819528,
      "train_acc": 0.572864,
      "val_loss": 0.59003,
      "val_acc": 0.721562,
      "val_f1_fire": 0.760933,
      "val_f1_nofire": 0.666667,
      "val_f1_macro": 0.7138,
      "lr": 0.0009938441702975688,
      "epoch_time_seconds": 46.44
    },
    {
      "epoch": 2,
      "train_loss": 0.604001,
      "train_acc": 0.683833,
      "val_loss": 0.45675,
      "val_acc": 0.790747,
      "val_f1_fire": 0.785931,
      "val_f1_nofire": 0.795351,
      "val_f1_macro": 0.790641,
      "lr": 0.0009755282581475768,
      "epoch_time_seconds": 44.07
    },
    {
      "epoch": 3,
      "train_loss": 0.475006,
      "train_acc": 0.775776,
      "val_loss": 0.293909,
      "val_acc": 0.879457,
      "val_f1_fire": 0.88332,
      "val_f1_nofire": 0.875329,
      "val_f1_macro": 0.879324,
      "lr": 0.0009455032620941839,
      "epoch_time_seconds": 44.56
    },
    {
      "epoch": 4,
      "train_loss": 0.372309,
      "train_acc": 0.8353,
      "val_loss": 0.323481,
      "val_acc": 0.873514,
      "val_f1_fire": 0.869527,
      "val_f1_nofire": 0.877265,
      "val_f1_macro": 0.873396,
      "lr": 0.0009045084971874737,
      "epoch_time_seconds": 44.09
    },
    {
      "epoch": 5,
      "train_loss": 0.429164,
      "train_acc": 0.798788,
      "val_loss": 0.365054,
      "val_acc": 0.845925,
      "val_f1_fire": 0.866691,
      "val_f1_nofire": 0.817496,
      "val_f1_macro": 0.842094,
      "lr": 0.0008535533905932737,
      "epoch_time_seconds": 43.84
    },
    {
      "epoch": 6,
      "train_loss": 0.339193,
      "train_acc": 0.851456,
      "val_loss": 0.212796,
      "val_acc": 0.917657,
      "val_f1_fire": 0.922151,
      "val_f1_nofire": 0.912613,
      "val_f1_macro": 0.917382,
      "lr": 0.0007938926261462366,
      "epoch_time_seconds": 43.7
    },
    {
      "epoch": 7,
      "train_loss": 0.293598,
      "train_acc": 0.874469,
      "val_loss": 0.235475,
      "val_acc": 0.900679,
      "val_f1_fire": 0.90402,
      "val_f1_nofire": 0.897098,
      "val_f1_macro": 0.900559,
      "lr": 0.0007269952498697733,
      "epoch_time_seconds": 43.91
    },
    {
      "epoch": 8,
      "train_loss": 0.314843,
      "train_acc": 0.865327,
      "val_loss": 0.283503,
      "val_acc": 0.883277,
      "val_f1_fire": 0.882126,
      "val_f1_nofire": 0.884405,
      "val_f1_macro": 0.883266,
      "lr": 0.0006545084971874737,
      "epoch_time_seconds": 44.29
    },
    {
      "epoch": 9,
      "train_loss": 0.27931,
      "train_acc": 0.882653,
      "val_loss": 0.164205,
      "val_acc": 0.940153,
      "val_f1_fire": 0.942938,
      "val_f1_nofire": 0.937082,
      "val_f1_macro": 0.94001,
      "lr": 0.0005782172325201155,
      "epoch_time_seconds": 43.78
    },
    {
      "epoch": 10,
      "train_loss": 0.23067,
      "train_acc": 0.908429,
      "val_loss": 0.131743,
      "val_acc": 0.950764,
      "val_f1_fire": 0.952263,
      "val_f1_nofire": 0.949167,
      "val_f1_macro": 0.950715,
      "lr": 0.0005,
      "epoch_time_seconds": 44.07
    },
    {
      "epoch": 11,
      "train_loss": 0.208809,
      "train_acc": 0.917942,
      "val_loss": 0.153895,
      "val_acc": 0.945246,
      "val_f1_fire": 0.948749,
      "val_f1_nofire": 0.94123,
      "val_f1_macro": 0.944989,
      "lr": 0.0004217827674798847,
      "epoch_time_seconds": 44.33
    },
    {
      "epoch": 12,
      "train_loss": 0.174696,
      "train_acc": 0.934152,
      "val_loss": 0.106476,
      "val_acc": 0.9618,
      "val_f1_fire": 0.963024,
      "val_f1_nofire": 0.960492,
      "val_f1_macro": 0.961758,
      "lr": 0.00034549150281252633,
      "epoch_time_seconds": 44.01
    },
    {
      "epoch": 13,
      "train_loss": 0.167548,
      "train_acc": 0.936171,
      "val_loss": 0.11492,
      "val_acc": 0.95798,
      "val_f1_fire": 0.960097,
      "val_f1_nofire": 0.955625,
      "val_f1_macro": 0.957861,
      "lr": 0.00027300475013022663,
      "epoch_time_seconds": 43.77
    },
    {
      "epoch": 14,
      "train_loss": 0.156877,
      "train_acc": 0.941805,
      "val_loss": 0.106849,
      "val_acc": 0.959677,
      "val_f1_fire": 0.961647,
      "val_f1_nofire": 0.957494,
      "val_f1_macro": 0.959571,
      "lr": 0.00020610737385376348,
      "epoch_time_seconds": 49.46
    },
    {
      "epoch": 15,
      "train_loss": 0.141467,
      "train_acc": 0.947545,
      "val_loss": 0.095265,
      "val_acc": 0.96944,
      "val_f1_fire": 0.970516,
      "val_f1_nofire": 0.968282,
      "val_f1_macro": 0.969399,
      "lr": 0.00014644660940672625,
      "epoch_time_seconds": 44.11
    },
    {
      "epoch": 16,
      "train_loss": 0.127238,
      "train_acc": 0.95254,
      "val_loss": 0.095004,
      "val_acc": 0.964346,
      "val_f1_fire": 0.965937,
      "val_f1_nofire": 0.9626,
      "val_f1_macro": 0.964268,
      "lr": 9.549150281252631e-05,
      "epoch_time_seconds": 44.04
    },
    {
      "epoch": 17,
      "train_loss": 0.124407,
      "train_acc": 0.955091,
      "val_loss": 0.078682,
      "val_acc": 0.972411,
      "val_f1_fire": 0.973437,
      "val_f1_nofire": 0.971302,
      "val_f1_macro": 0.97237,
      "lr": 5.4496737905816096e-05,
      "epoch_time_seconds": 44.37
    },
    {
      "epoch": 18,
      "train_loss": 0.119659,
      "train_acc": 0.956633,
      "val_loss": 0.072845,
      "val_acc": 0.975382,
      "val_f1_fire": 0.976327,
      "val_f1_nofire": 0.974359,
      "val_f1_macro": 0.975343,
      "lr": 2.447174185242323e-05,
      "epoch_time_seconds": 44.02
    },
    {
      "epoch": 19,
      "train_loss": 0.11368,
      "train_acc": 0.958174,
      "val_loss": 0.074939,
      "val_acc": 0.974533,
      "val_f1_fire": 0.97559,
      "val_f1_nofire": 0.973381,
      "val_f1_macro": 0.974485,
      "lr": 6.15582970243117e-06,
      "epoch_time_seconds": 44.18
    },
    {
      "epoch": 20,
      "train_loss": 0.109769,
      "train_acc": 0.959237,
      "val_loss": 0.070539,
      "val_acc": 0.97708,
      "val_f1_fire": 0.977977,
      "val_f1_nofire": 0.976106,
      "val_f1_macro": 0.977042,
      "lr": 0.0,
      "epoch_time_seconds": 44.46
    }
  ]
}