{
  "model": "hybrid",
  "freeze_config": "freeze_blocks0-8",
  "seed": 0,
  "device": "cuda",
  "gpu_name": "NVIDIA GeForce RTX 4090",
  "optimizer": "adamw",
  "lr": 0.001,
  "weight_decay": 0.01,
  "dropout": 0.1,
  "batch_size": 128,
  "grad_accum_steps": 1,
  "effective_batch_size": 128,
  "amp": true,
  "epochs_configured": 20,
  "patience": 5,
  "num_trainable_params": 30749250,
  "num_frozen_params": 63790848,
  "num_total_params": 94540098,
  "trainable_pct": 32.53,
  "dataset": {
    "train": {
      "total": 18847,
      "fire": 9763,
      "nofire": 9084
    },
    "val": {
      "total": 2356,
      "fire": 1220,
      "nofire": 1136
    },
    "test": {
      "total": 2356,
      "fire": 1221,
      "nofire": 1135
    }
  },
  "class_weights": [
    1.0374,
    0.9652
  ],
  "epochs_completed": 20,
  "early_stopped": false,
  "test_acc": 0.986418,
  "test_loss": 0.045878,
  "test_precision_fire": 0.9893,
  "test_recall_fire": 0.9844,
  "test_f1_fire": 0.9869,
  "test_precision_nofire": 0.9833,
  "test_recall_nofire": 0.9885,
  "test_f1_nofire": 0.9859,
  "test_confusion_matrix": [
    [
      1122,
      13
    ],
    [
      19,
      1202
    ]
  ],
  "best_val_acc": 0.987267,
  "best_val_loss": 0.03839,
  "best_val_f1_fire": 0.987695,
  "best_val_f1_macro": 0.987251,
  "best_epoch": 18,
  "total_train_time_seconds": 838.13,
  "train_history": [
    {
      "epoch": 1,
      "train_loss": 0.403204,
      "train_acc": 0.849915,
      "val_loss": 0.118438,
      "val_acc": 0.951613,
      "val_f1_fire": 0.954473,
      "val_f1_nofire": 0.94837,
      "val_f1_macro": 0.951421,
      "lr": 0.0009938441702975688,
      "epoch_time_seconds": 43.59
    },
    {
      "epoch": 2,
      "train_loss": 0.17474,
      "train_acc": 0.933408,
      "val_loss": 0.146369,
      "val_acc": 0.948217,
      "val_f1_fire": 0.952157,
      "val_f1_nofire": 0.943571,
      "val_f1_macro": 0.947864,
      "lr": 0.0009755282581475768,
      "epoch_time_seconds": 41.28
    },
    {
      "epoch": 3,
      "train_loss": 0.153036,
      "train_acc": 0.94308,
      "val_loss": 0.0804,
      "val_acc": 0.970713,
      "val_f1_fire": 0.972211,
      "val_f1_nofire": 0.969044,
      "val_f1_macro": 0.970628,
      "lr": 0.0009455032620941839,
      "epoch_time_seconds": 41.4
    },
    {
      "epoch": 4,
      "train_loss": 0.132493,
      "train_acc": 0.949192,
      "val_loss": 0.078359,
      "val_acc": 0.972411,
      "val_f1_fire": 0.973459,
      "val_f1_nofire": 0.971277,
      "val_f1_macro": 0.972368,
      "lr": 0.0009045084971874737,
      "epoch_time_seconds": 41.65
    },
    {
      "epoch": 5,
      "train_loss": 0.116941,
      "train_acc": 0.95844,
      "val_loss": 0.097581,
      "val_acc": 0.966893,
      "val_f1_fire": 0.968548,
      "val_f1_nofire": 0.965054,
      "val_f1_macro": 0.966801,
      "lr": 0.0008535533905932737,
      "epoch_time_seconds": 41.56
    },
    {
      "epoch": 6,
      "train_loss": 0.102897,
      "train_acc": 0.96301,
      "val_loss": 0.062063,
      "val_acc": 0.977929,
      "val_f1_fire": 0.978512,
      "val_f1_nofire": 0.977312,
      "val_f1_macro": 0.977912,
      "lr": 0.0007938926261462366,
      "epoch_time_seconds": 41.55
    },
    {
      "epoch": 7,
      "train_loss": 0.096641,
      "train_acc": 0.965242,
      "val_loss": 0.048558,
      "val_acc": 0.983447,
      "val_f1_fire": 0.983918,
      "val_f1_nofire": 0.982947,
      "val_f1_macro": 0.983432,
      "lr": 0.0007269952498697733,
      "epoch_time_seconds": 41.69
    },
    {
      "epoch": 8,
      "train_loss": 0.089343,
      "train_acc": 0.967474,
      "val_loss": 0.075229,
      "val_acc": 0.975382,
      "val_f1_fire": 0.976033,
      "val_f1_nofire": 0.974695,
      "val_f1_macro": 0.975364,
      "lr": 0.0006545084971874737,
      "epoch_time_seconds": 41.38
    },
    {
      "epoch": 9,
      "train_loss": 0.089278,
      "train_acc": 0.968219,
      "val_loss": 0.046156,
      "val_acc": 0.985144,
      "val_f1_fire": 0.985603,
      "val_f1_nofire": 0.984656,
      "val_f1_macro": 0.985129,
      "lr": 0.0005782172325201155,
      "epoch_time_seconds": 41.64
    },
    {
      "epoch": 10,
      "train_loss": 0.08126,
      "train_acc": 0.971195,
      "val_loss": 0.05163,
      "val_acc": 0.983871,
      "val_f1_fire": 0.984464,
      "val_f1_nofire": 0.98323,
      "val_f1_macro": 0.983847,
      "lr": 0.0005,
      "epoch_time_seconds": 41.33
    },
    {
      "epoch": 11,
      "train_loss": 0.080117,
      "train_acc": 0.972098,
      "val_loss": 0.047696,
      "val_acc": 0.986418,
      "val_f1_fire": 0.98681,
      "val_f1_nofire": 0.986002,
      "val_f1_macro": 0.986406,
      "lr": 0.0004217827674798847,
      "epoch_time_seconds": 41.38
    },
    {
      "epoch": 12,
      "train_loss": 0.06777,
      "train_acc": 0.975925,
      "val_loss": 0.043598,
      "val_acc": 0.985569,
      "val_f1_fire": 0.986066,
      "val_f1_nofire": 0.985035,
      "val_f1_macro": 0.98555,
      "lr": 0.00034549150281252633,
      "epoch_time_seconds": 41.49
    },
    {
      "epoch": 13,
      "train_loss": 0.061284,
      "train_acc": 0.979804,
      "val_loss": 0.066726,
      "val_acc": 0.976231,
      "val_f1_fire": 0.977492,
      "val_f1_nofire": 0.97482,
      "val_f1_macro": 0.976156,
      "lr": 0.00027300475013022663,
      "epoch_time_seconds": 41.52
    },
    {
      "epoch": 14,
      "train_loss": 0.057224,
      "train_acc": 0.98007,
      "val_loss": 0.046153,
      "val_acc": 0.986842,
      "val_f1_fire": 0.987227,
      "val_f1_nofire": 0.986433,
      "val_f1_macro": 0.98683,
      "lr": 0.00020610737385376348,
      "epoch_time_seconds": 41.53
    },
    {
      "epoch": 15,
      "train_loss": 0.05151,
      "train_acc": 0.983099,
      "val_loss": 0.039605,
      "val_acc": 0.988115,
      "val_f1_fire": 0.98859,
      "val_f1_nofire": 0.9876,
      "val_f1_macro": 0.988095,
      "lr": 0.00014644660940672625,
      "epoch_time_seconds": 41.62
    },
    {
      "epoch": 16,
      "train_loss": 0.048645,
      "train_acc": 0.984641,
      "val_loss": 0.042634,
      "val_acc": 0.98472,
      "val_f1_fire": 0.985294,
      "val_f1_nofire": 0.984099,
      "val_f1_macro": 0.984697,
      "lr": 9.549150281252631e-05,
      "epoch_time_seconds": 41.44
    },
    {
      "epoch": 17,
      "train_loss": 0.044849,
      "train_acc": 0.984428,
      "val_loss": 0.044177,
      "val_acc": 0.985993,
      "val_f1_fire": 0.986459,
      "val_f1_nofire": 0.985495,
      "val_f1_macro": 0.985977,
      "lr": 5.4496737905816096e-05,
      "epoch_time_seconds": 41.48
    },
    {
      "epoch": 18,
      "train_loss": 0.041239,
      "train_acc": 0.986607,
      "val_loss": 0.03839,
      "val_acc": 0.987267,
      "val_f1_fire": 0.987695,
      "val_f1_nofire": 0.986807,
      "val_f1_macro": 0.987251,
      "lr": 2.447174185242323e-05,
      "epoch_time_seconds": 41.37
    },
    {
      "epoch": 19,
      "train_loss": 0.038459,
      "train_acc": 0.986873,
      "val_loss": 0.038812,
      "val_acc": 0.988115,
      "val_f1_fire": 0.988506,
      "val_f1_nofire": 0.987698,
      "val_f1_macro": 0.988102,
      "lr": 6.15582970243117e-06,
      "epoch_time_seconds": 43.29
    },
    {
      "epoch": 20,
      "train_loss": 0.04203,
      "train_acc": 0.985438,
      "val_loss": 0.038934,
      "val_acc": 0.98854,
      "val_f1_fire": 0.98893,
      "val_f1_nofire": 0.988121,
      "val_f1_macro": 0.988526,
      "lr": 0.0,
      "epoch_time_seconds": 41.27
    }
  ]
}