{
  "model": "hybrid",
  "freeze_config": "freeze_backbone",
  "seed": 15,
  "device": "cuda",
  "gpu_name": "NVIDIA GeForce RTX 4090",
  "optimizer": "adamw",
  "lr": 0.001,
  "weight_decay": 0.01,
  "dropout": 0.1,
  "batch_size": 128,
  "grad_accum_steps": 1,
  "effective_batch_size": 128,
  "amp": false,
  "epochs_configured": 20,
  "patience": 5,
  "num_trainable_params": 85996802,
  "num_frozen_params": 8543296,
  "num_total_params": 94540098,
  "trainable_pct": 90.96,
  "dataset": {
    "train": {
      "total": 18847,
      "fire": 9763,
      "nofire": 9084
    },
    "val": {
      "total": 2356,
      "fire": 1220,
      "nofire": 1136
    },
    "test": {
      "total": 2356,
      "fire": 1221,
      "nofire": 1135
    }
  },
  "class_weights": [
    1.0374,
    0.9652
  ],
  "epochs_completed": 20,
  "early_stopped": false,
  "test_acc": 0.989813,
  "test_loss": 0.034154,
  "test_precision_fire": 0.995,
  "test_recall_fire": 0.9853,
  "test_f1_fire": 0.9901,
  "test_precision_nofire": 0.9843,
  "test_recall_nofire": 0.9947,
  "test_f1_nofire": 0.9895,
  "test_confusion_matrix": [
    [
      1129,
      6
    ],
    [
      18,
      1203
    ]
  ],
  "best_val_acc": 0.99236,
  "best_val_loss": 0.027342,
  "best_val_f1_fire": 0.992611,
  "best_val_f1_macro": 0.992351,
  "best_epoch": 20,
  "total_train_time_seconds": 877.29,
  "train_history": [
    {
      "epoch": 1,
      "train_loss": 0.661634,
      "train_acc": 0.66098,
      "val_loss": 0.089355,
      "val_acc": 0.973684,
      "val_f1_fire": 0.974735,
      "val_f1_nofire": 0.972542,
      "val_f1_macro": 0.973639,
      "lr": 0.0009938441702975688,
      "epoch_time_seconds": 43.02
    },
    {
      "epoch": 2,
      "train_loss": 0.141066,
      "train_acc": 0.949033,
      "val_loss": 0.063098,
      "val_acc": 0.979202,
      "val_f1_fire": 0.979827,
      "val_f1_nofire": 0.978537,
      "val_f1_macro": 0.979182,
      "lr": 0.0009755282581475768,
      "epoch_time_seconds": 41.33
    },
    {
      "epoch": 3,
      "train_loss": 0.107159,
      "train_acc": 0.961203,
      "val_loss": 0.049518,
      "val_acc": 0.983022,
      "val_f1_fire": 0.983539,
      "val_f1_nofire": 0.982472,
      "val_f1_macro": 0.983005,
      "lr": 0.0009455032620941839,
      "epoch_time_seconds": 41.33
    },
    {
      "epoch": 4,
      "train_loss": 0.096801,
      "train_acc": 0.968591,
      "val_loss": 0.052644,
      "val_acc": 0.981749,
      "val_f1_fire": 0.982209,
      "val_f1_nofire": 0.981264,
      "val_f1_macro": 0.981736,
      "lr": 0.0009045084971874737,
      "epoch_time_seconds": 41.71
    },
    {
      "epoch": 5,
      "train_loss": 0.087935,
      "train_acc": 0.97061,
      "val_loss": 0.044666,
      "val_acc": 0.983871,
      "val_f1_fire": 0.984388,
      "val_f1_nofire": 0.983319,
      "val_f1_macro": 0.983853,
      "lr": 0.0008535533905932737,
      "epoch_time_seconds": 41.25
    },
    {
      "epoch": 6,
      "train_loss": 0.078839,
      "train_acc": 0.972683,
      "val_loss": 0.062415,
      "val_acc": 0.981324,
      "val_f1_fire": 0.982143,
      "val_f1_nofire": 0.980427,
      "val_f1_macro": 0.981285,
      "lr": 0.0007938926261462366,
      "epoch_time_seconds": 41.22
    },
    {
      "epoch": 7,
      "train_loss": 0.076808,
      "train_acc": 0.975287,
      "val_loss": 0.042456,
      "val_acc": 0.986842,
      "val_f1_fire": 0.987352,
      "val_f1_nofire": 0.986289,
      "val_f1_macro": 0.986821,
      "lr": 0.0007269952498697733,
      "epoch_time_seconds": 41.93
    },
    {
      "epoch": 8,
      "train_loss": 0.069079,
      "train_acc": 0.97736,
      "val_loss": 0.036585,
      "val_acc": 0.988964,
      "val_f1_fire": 0.989309,
      "val_f1_nofire": 0.988596,
      "val_f1_macro": 0.988953,
      "lr": 0.0006545084971874737,
      "epoch_time_seconds": 41.49
    },
    {
      "epoch": 9,
      "train_loss": 0.066234,
      "train_acc": 0.978954,
      "val_loss": 0.054305,
      "val_acc": 0.980051,
      "val_f1_fire": 0.980425,
      "val_f1_nofire": 0.979662,
      "val_f1_macro": 0.980044,
      "lr": 0.0005782172325201155,
      "epoch_time_seconds": 41.21
    },
    {
      "epoch": 10,
      "train_loss": 0.065004,
      "train_acc": 0.978104,
      "val_loss": 0.063259,
      "val_acc": 0.979626,
      "val_f1_fire": 0.97995,
      "val_f1_nofire": 0.979292,
      "val_f1_macro": 0.979621,
      "lr": 0.0005,
      "epoch_time_seconds": 45.74
    },
    {
      "epoch": 11,
      "train_loss": 0.057662,
      "train_acc": 0.98023,
      "val_loss": 0.030546,
      "val_acc": 0.989813,
      "val_f1_fire": 0.990188,
      "val_f1_nofire": 0.989409,
      "val_f1_macro": 0.989798,
      "lr": 0.0004217827674798847,
      "epoch_time_seconds": 41.25
    },
    {
      "epoch": 12,
      "train_loss": 0.058192,
      "train_acc": 0.980655,
      "val_loss": 0.034934,
      "val_acc": 0.990238,
      "val_f1_fire": 0.990523,
      "val_f1_nofire": 0.989934,
      "val_f1_macro": 0.990229,
      "lr": 0.00034549150281252633,
      "epoch_time_seconds": 48.63
    },
    {
      "epoch": 13,
      "train_loss": 0.051107,
      "train_acc": 0.982834,
      "val_loss": 0.033698,
      "val_acc": 0.990662,
      "val_f1_fire": 0.990976,
      "val_f1_nofire": 0.990325,
      "val_f1_macro": 0.990651,
      "lr": 0.00027300475013022663,
      "epoch_time_seconds": 55.04
    },
    {
      "epoch": 14,
      "train_loss": 0.048665,
      "train_acc": 0.985119,
      "val_loss": 0.03135,
      "val_acc": 0.99236,
      "val_f1_fire": 0.992611,
      "val_f1_nofire": 0.992091,
      "val_f1_macro": 0.992351,
      "lr": 0.00020610737385376348,
      "epoch_time_seconds": 41.9
    },
    {
      "epoch": 15,
      "train_loss": 0.053309,
      "train_acc": 0.982674,
      "val_loss": 0.02992,
      "val_acc": 0.990238,
      "val_f1_fire": 0.990593,
      "val_f1_nofire": 0.989854,
      "val_f1_macro": 0.990224,
      "lr": 0.00014644660940672625,
      "epoch_time_seconds": 41.33
    },
    {
      "epoch": 16,
      "train_loss": 0.047877,
      "train_acc": 0.984003,
      "val_loss": 0.028177,
      "val_acc": 0.991087,
      "val_f1_fire": 0.99139,
      "val_f1_nofire": 0.990761,
      "val_f1_macro": 0.991076,
      "lr": 9.549150281252631e-05,
      "epoch_time_seconds": 41.16
    },
    {
      "epoch": 17,
      "train_loss": 0.041745,
      "train_acc": 0.986395,
      "val_loss": 0.030006,
      "val_acc": 0.991087,
      "val_f1_fire": 0.991354,
      "val_f1_nofire": 0.990802,
      "val_f1_macro": 0.991078,
      "lr": 5.4496737905816096e-05,
      "epoch_time_seconds": 41.52
    },
    {
      "epoch": 18,
      "train_loss": 0.044469,
      "train_acc": 0.985704,
      "val_loss": 0.027775,
      "val_acc": 0.991935,
      "val_f1_fire": 0.99221,
      "val_f1_nofire": 0.991641,
      "val_f1_macro": 0.991925,
      "lr": 2.447174185242323e-05,
      "epoch_time_seconds": 53.53
    },
    {
      "epoch": 19,
      "train_loss": 0.041539,
      "train_acc": 0.986182,
      "val_loss": 0.027469,
      "val_acc": 0.993633,
      "val_f1_fire": 0.993835,
      "val_f1_nofire": 0.993418,
      "val_f1_macro": 0.993626,
      "lr": 6.15582970243117e-06,
      "epoch_time_seconds": 41.37
    },
    {
      "epoch": 20,
      "train_loss": 0.040569,
      "train_acc": 0.98682,
      "val_loss": 0.027342,
      "val_acc": 0.99236,
      "val_f1_fire": 0.992611,
      "val_f1_nofire": 0.992091,
      "val_f1_macro": 0.992351,
      "lr": 0.0,
      "epoch_time_seconds": 41.05
    }
  ]
}