{
  "model": "vit",
  "freeze_config": "freeze_patch_blocks0-11",
  "seed": 5,
  "device": "cuda",
  "gpu_name": "NVIDIA GeForce RTX 4070",
  "optimizer": "adamw",
  "lr": 0.001,
  "weight_decay": 0.01,
  "dropout": 0.1,
  "batch_size": 16,
  "grad_accum_steps": 2,
  "effective_batch_size": 32,
  "epochs_configured": 20,
  "patience": 5,
  "num_trainable_params": 3074,
  "num_frozen_params": 85797120,
  "num_total_params": 85800194,
  "trainable_pct": 0.0,
  "dataset": {
    "train": {
      "total": 18847,
      "fire": 9763,
      "nofire": 9084
    },
    "val": {
      "total": 2356,
      "fire": 1220,
      "nofire": 1136
    },
    "test": {
      "total": 2356,
      "fire": 1221,
      "nofire": 1135
    }
  },
  "class_weights": [
    1.0374,
    0.9652
  ],
  "epochs_completed": 12,
  "early_stopped": true,
  "test_acc": 0.984295,
  "test_loss": 0.058438,
  "test_precision_fire": 0.9917,
  "test_recall_fire": 0.9779,
  "test_f1_fire": 0.9847,
  "test_precision_nofire": 0.9766,
  "test_recall_nofire": 0.9912,
  "test_f1_nofire": 0.9838,
  "test_confusion_matrix": [
    [
      1125,
      10
    ],
    [
      27,
      1194
    ]
  ],
  "best_val_acc": 0.977504,
  "best_val_loss": 0.067944,
  "best_val_f1_fire": 0.978216,
  "best_val_f1_macro": 0.97748,
  "best_epoch": 7,
  "total_train_time_seconds": 2976.99,
  "train_history": [
    {
      "epoch": 1,
      "train_loss": 0.140769,
      "train_acc": 0.946899,
      "val_loss": 0.092455,
      "val_acc": 0.968591,
      "val_f1_fire": 0.969622,
      "val_f1_nofire": 0.967487,
      "val_f1_macro": 0.968555,
      "lr": 0.0009938441702975688,
      "epoch_time_seconds": 250.6
    },
    {
      "epoch": 2,
      "train_loss": 0.100041,
      "train_acc": 0.964475,
      "val_loss": 0.07923,
      "val_acc": 0.976655,
      "val_f1_fire": 0.977394,
      "val_f1_nofire": 0.975867,
      "val_f1_macro": 0.97663,
      "lr": 0.0009755282581475768,
      "epoch_time_seconds": 248.77
    },
    {
      "epoch": 3,
      "train_loss": 0.091191,
      "train_acc": 0.968033,
      "val_loss": 0.075844,
      "val_acc": 0.976231,
      "val_f1_fire": 0.976974,
      "val_f1_nofire": 0.975439,
      "val_f1_macro": 0.976206,
      "lr": 0.0009455032620941839,
      "epoch_time_seconds": 249.62
    },
    {
      "epoch": 4,
      "train_loss": 0.091981,
      "train_acc": 0.966281,
      "val_loss": 0.077055,
      "val_acc": 0.977929,
      "val_f1_fire": 0.978636,
      "val_f1_nofire": 0.977173,
      "val_f1_macro": 0.977904,
      "lr": 0.0009045084971874737,
      "epoch_time_seconds": 249.27
    },
    {
      "epoch": 5,
      "train_loss": 0.091144,
      "train_acc": 0.96798,
      "val_loss": 0.073918,
      "val_acc": 0.975806,
      "val_f1_fire": 0.976553,
      "val_f1_nofire": 0.975011,
      "val_f1_macro": 0.975782,
      "lr": 0.0008535533905932737,
      "epoch_time_seconds": 253.75
    },
    {
      "epoch": 6,
      "train_loss": 0.089455,
      "train_acc": 0.967874,
      "val_loss": 0.070557,
      "val_acc": 0.976655,
      "val_f1_fire": 0.977431,
      "val_f1_nofire": 0.975824,
      "val_f1_macro": 0.976628,
      "lr": 0.0007938926261462366,
      "epoch_time_seconds": 257.81
    },
    {
      "epoch": 7,
      "train_loss": 0.084145,
      "train_acc": 0.969308,
      "val_loss": 0.067944,
      "val_acc": 0.977504,
      "val_f1_fire": 0.978216,
      "val_f1_nofire": 0.976744,
      "val_f1_macro": 0.97748,
      "lr": 0.0007269952498697733,
      "epoch_time_seconds": 257.94
    },
    {
      "epoch": 8,
      "train_loss": 0.088008,
      "train_acc": 0.969839,
      "val_loss": 0.072045,
      "val_acc": 0.97708,
      "val_f1_fire": 0.977833,
      "val_f1_nofire": 0.976274,
      "val_f1_macro": 0.977053,
      "lr": 0.0006545084971874737,
      "epoch_time_seconds": 246.54
    },
    {
      "epoch": 9,
      "train_loss": 0.08451,
      "train_acc": 0.970316,
      "val_loss": 0.071798,
      "val_acc": 0.975382,
      "val_f1_fire": 0.976132,
      "val_f1_nofire": 0.974584,
      "val_f1_macro": 0.975358,
      "lr": 0.0005782172325201155,
      "epoch_time_seconds": 245.43
    },
    {
      "epoch": 10,
      "train_loss": 0.086209,
      "train_acc": 0.969945,
      "val_loss": 0.069343,
      "val_acc": 0.977929,
      "val_f1_fire": 0.978636,
      "val_f1_nofire": 0.977173,
      "val_f1_macro": 0.977904,
      "lr": 0.0005,
      "epoch_time_seconds": 239.18
    },
    {
      "epoch": 11,
      "train_loss": 0.083623,
      "train_acc": 0.971007,
      "val_loss": 0.069232,
      "val_acc": 0.978353,
      "val_f1_fire": 0.979021,
      "val_f1_nofire": 0.977641,
      "val_f1_macro": 0.978331,
      "lr": 0.0004217827674798847,
      "epoch_time_seconds": 237.59
    },
    {
      "epoch": 12,
      "train_loss": 0.084382,
      "train_acc": 0.970263,
      "val_loss": 0.069911,
      "val_acc": 0.977504,
      "val_f1_fire": 0.978198,
      "val_f1_nofire": 0.976765,
      "val_f1_macro": 0.977481,
      "lr": 0.00034549150281252633,
      "epoch_time_seconds": 238.33
    }
  ]
}