{
  "model": "vit",
  "freeze_config": "freeze_patch_blocks0-11",
  "seed": 20,
  "device": "cuda",
  "gpu_name": "NVIDIA GeForce RTX 4070",
  "optimizer": "adamw",
  "lr": 0.001,
  "weight_decay": 0.01,
  "dropout": 0.1,
  "batch_size": 16,
  "grad_accum_steps": 2,
  "effective_batch_size": 32,
  "epochs_configured": 20,
  "patience": 5,
  "num_trainable_params": 3074,
  "num_frozen_params": 85797120,
  "num_total_params": 85800194,
  "trainable_pct": 0.0,
  "dataset": {
    "train": {
      "total": 18847,
      "fire": 9763,
      "nofire": 9084
    },
    "val": {
      "total": 2356,
      "fire": 1220,
      "nofire": 1136
    },
    "test": {
      "total": 2356,
      "fire": 1221,
      "nofire": 1135
    }
  },
  "class_weights": [
    1.0374,
    0.9652
  ],
  "epochs_completed": 20,
  "early_stopped": false,
  "test_acc": 0.983022,
  "test_loss": 0.05524,
  "test_precision_fire": 0.99,
  "test_recall_fire": 0.9771,
  "test_f1_fire": 0.9835,
  "test_precision_nofire": 0.9757,
  "test_recall_nofire": 0.9894,
  "test_f1_nofire": 0.9825,
  "test_confusion_matrix": [
    [
      1123,
      12
    ],
    [
      28,
      1193
    ]
  ],
  "best_val_acc": 0.978353,
  "best_val_loss": 0.065884,
  "best_val_f1_fire": 0.979038,
  "best_val_f1_macro": 0.97833,
  "best_epoch": 17,
  "total_train_time_seconds": 4610.85,
  "train_history": [
    {
      "epoch": 1,
      "train_loss": 0.142757,
      "train_acc": 0.949554,
      "val_loss": 0.086349,
      "val_acc": 0.973684,
      "val_f1_fire": 0.974756,
      "val_f1_nofire": 0.972518,
      "val_f1_macro": 0.973637,
      "lr": 0.0009938441702975688,
      "epoch_time_seconds": 244.87
    },
    {
      "epoch": 2,
      "train_loss": 0.096038,
      "train_acc": 0.966493,
      "val_loss": 0.08051,
      "val_acc": 0.974109,
      "val_f1_fire": 0.974928,
      "val_f1_nofire": 0.973234,
      "val_f1_macro": 0.974081,
      "lr": 0.0009755282581475768,
      "epoch_time_seconds": 236.4
    },
    {
      "epoch": 3,
      "train_loss": 0.095544,
      "train_acc": 0.965059,
      "val_loss": 0.077105,
      "val_acc": 0.973684,
      "val_f1_fire": 0.974422,
      "val_f1_nofire": 0.972902,
      "val_f1_macro": 0.973662,
      "lr": 0.0009455032620941839,
      "epoch_time_seconds": 229.03
    },
    {
      "epoch": 4,
      "train_loss": 0.087969,
      "train_acc": 0.966918,
      "val_loss": 0.076711,
      "val_acc": 0.975806,
      "val_f1_fire": 0.976553,
      "val_f1_nofire": 0.975011,
      "val_f1_macro": 0.975782,
      "lr": 0.0009045084971874737,
      "epoch_time_seconds": 234.38
    },
    {
      "epoch": 5,
      "train_loss": 0.088309,
      "train_acc": 0.96798,
      "val_loss": 0.07517,
      "val_acc": 0.975382,
      "val_f1_fire": 0.976132,
      "val_f1_nofire": 0.974584,
      "val_f1_macro": 0.975358,
      "lr": 0.0008535533905932737,
      "epoch_time_seconds": 230.3
    },
    {
      "epoch": 6,
      "train_loss": 0.08572,
      "train_acc": 0.96883,
      "val_loss": 0.069227,
      "val_acc": 0.977504,
      "val_f1_fire": 0.978234,
      "val_f1_nofire": 0.976724,
      "val_f1_macro": 0.977479,
      "lr": 0.0007938926261462366,
      "epoch_time_seconds": 229.01
    },
    {
      "epoch": 7,
      "train_loss": 0.086951,
      "train_acc": 0.969626,
      "val_loss": 0.071369,
      "val_acc": 0.977929,
      "val_f1_fire": 0.978512,
      "val_f1_nofire": 0.977312,
      "val_f1_macro": 0.977912,
      "lr": 0.0007269952498697733,
      "epoch_time_seconds": 226.75
    },
    {
      "epoch": 8,
      "train_loss": 0.088901,
      "train_acc": 0.967821,
      "val_loss": 0.071905,
      "val_acc": 0.976655,
      "val_f1_fire": 0.97745,
      "val_f1_nofire": 0.975803,
      "val_f1_macro": 0.976626,
      "lr": 0.0006545084971874737,
      "epoch_time_seconds": 227.86
    },
    {
      "epoch": 9,
      "train_loss": 0.088979,
      "train_acc": 0.968033,
      "val_loss": 0.067259,
      "val_acc": 0.979626,
      "val_f1_fire": 0.980344,
      "val_f1_nofire": 0.978855,
      "val_f1_macro": 0.979599,
      "lr": 0.0005782172325201155,
      "epoch_time_seconds": 226.18
    },
    {
      "epoch": 10,
      "train_loss": 0.085823,
      "train_acc": 0.968033,
      "val_loss": 0.070542,
      "val_acc": 0.97708,
      "val_f1_fire": 0.977723,
      "val_f1_nofire": 0.976399,
      "val_f1_macro": 0.977061,
      "lr": 0.0005,
      "epoch_time_seconds": 226.15
    },
    {
      "epoch": 11,
      "train_loss": 0.083312,
      "train_acc": 0.969785,
      "val_loss": 0.070434,
      "val_acc": 0.977929,
      "val_f1_fire": 0.978723,
      "val_f1_nofire": 0.977072,
      "val_f1_macro": 0.977898,
      "lr": 0.0004217827674798847,
      "epoch_time_seconds": 225.69
    },
    {
      "epoch": 12,
      "train_loss": 0.082846,
      "train_acc": 0.970316,
      "val_loss": 0.069407,
      "val_acc": 0.977504,
      "val_f1_fire": 0.978252,
      "val_f1_nofire": 0.976703,
      "val_f1_macro": 0.977478,
      "lr": 0.00034549150281252633,
      "epoch_time_seconds": 225.97
    },
    {
      "epoch": 13,
      "train_loss": 0.08172,
      "train_acc": 0.972653,
      "val_loss": 0.067257,
      "val_acc": 0.977504,
      "val_f1_fire": 0.978234,
      "val_f1_nofire": 0.976724,
      "val_f1_macro": 0.977479,
      "lr": 0.00027300475013022663,
      "epoch_time_seconds": 225.9
    },
    {
      "epoch": 14,
      "train_loss": 0.083142,
      "train_acc": 0.970901,
      "val_loss": 0.066466,
      "val_acc": 0.978353,
      "val_f1_fire": 0.979038,
      "val_f1_nofire": 0.977622,
      "val_f1_macro": 0.97833,
      "lr": 0.00020610737385376348,
      "epoch_time_seconds": 225.81
    },
    {
      "epoch": 15,
      "train_loss": 0.084537,
      "train_acc": 0.970635,
      "val_loss": 0.066681,
      "val_acc": 0.977504,
      "val_f1_fire": 0.978234,
      "val_f1_nofire": 0.976724,
      "val_f1_macro": 0.977479,
      "lr": 0.00014644660940672625,
      "epoch_time_seconds": 226.68
    },
    {
      "epoch": 16,
      "train_loss": 0.082561,
      "train_acc": 0.969732,
      "val_loss": 0.066442,
      "val_acc": 0.976655,
      "val_f1_fire": 0.977431,
      "val_f1_nofire": 0.975824,
      "val_f1_macro": 0.976628,
      "lr": 9.549150281252631e-05,
      "epoch_time_seconds": 228.26
    },
    {
      "epoch": 17,
      "train_loss": 0.080983,
      "train_acc": 0.971644,
      "val_loss": 0.065884,
      "val_acc": 0.978353,
      "val_f1_fire": 0.979038,
      "val_f1_nofire": 0.977622,
      "val_f1_macro": 0.97833,
      "lr": 5.4496737905816096e-05,
      "epoch_time_seconds": 231.75
    },
    {
      "epoch": 18,
      "train_loss": 0.079455,
      "train_acc": 0.972812,
      "val_loss": 0.065899,
      "val_acc": 0.978778,
      "val_f1_fire": 0.979475,
      "val_f1_nofire": 0.978032,
      "val_f1_macro": 0.978753,
      "lr": 2.447174185242323e-05,
      "epoch_time_seconds": 233.65
    },
    {
      "epoch": 19,
      "train_loss": 0.080226,
      "train_acc": 0.970847,
      "val_loss": 0.066023,
      "val_acc": 0.978353,
      "val_f1_fire": 0.979073,
      "val_f1_nofire": 0.977582,
      "val_f1_macro": 0.978328,
      "lr": 6.15582970243117e-06,
      "epoch_time_seconds": 236.13
    },
    {
      "epoch": 20,
      "train_loss": 0.076267,
      "train_acc": 0.973237,
      "val_loss": 0.066028,
      "val_acc": 0.978353,
      "val_f1_fire": 0.979073,
      "val_f1_nofire": 0.977582,
      "val_f1_macro": 0.978328,
      "lr": 0.0,
      "epoch_time_seconds": 236.96
    }
  ]
}