{
  "model": "hybrid",
  "freeze_config": "freeze_none",
  "seed": 0,
  "device": "cuda",
  "gpu_name": "NVIDIA GeForce RTX 4090",
  "optimizer": "adamw",
  "lr": 0.001,
  "weight_decay": 0.01,
  "dropout": 0.1,
  "batch_size": 32,
  "grad_accum_steps": 1,
  "effective_batch_size": 32,
  "amp": true,
  "epochs_configured": 20,
  "patience": 5,
  "num_trainable_params": 94540098,
  "num_frozen_params": 0,
  "num_total_params": 94540098,
  "trainable_pct": 100.0,
  "dataset": {
    "train": {
      "total": 18847,
      "fire": 9763,
      "nofire": 9084
    },
    "val": {
      "total": 2356,
      "fire": 1220,
      "nofire": 1136
    },
    "test": {
      "total": 2356,
      "fire": 1221,
      "nofire": 1135
    }
  },
  "class_weights": [
    1.0374,
    0.9652
  ],
  "epochs_completed": 20,
  "early_stopped": false,
  "test_acc": 0.984295,
  "test_loss": 0.053633,
  "test_precision_fire": 0.9868,
  "test_recall_fire": 0.9828,
  "test_f1_fire": 0.9848,
  "test_precision_nofire": 0.9816,
  "test_recall_nofire": 0.9859,
  "test_f1_nofire": 0.9837,
  "test_confusion_matrix": [
    [
      1119,
      16
    ],
    [
      21,
      1200
    ]
  ],
  "best_val_acc": 0.98472,
  "best_val_loss": 0.046635,
  "best_val_f1_fire": 0.985234,
  "best_val_f1_macro": 0.984701,
  "best_epoch": 20,
  "total_train_time_seconds": 975.88,
  "train_history": [
    {
      "epoch": 1,
      "train_loss": 0.515424,
      "train_acc": 0.750744,
      "val_loss": 0.254651,
      "val_acc": 0.89983,
      "val_f1_fire": 0.90888,
      "val_f1_nofire": 0.888784,
      "val_f1_macro": 0.898832,
      "lr": 0.0009938441702975688,
      "epoch_time_seconds": 53.71
    },
    {
      "epoch": 2,
      "train_loss": 0.311941,
      "train_acc": 0.869154,
      "val_loss": 0.217823,
      "val_acc": 0.914686,
      "val_f1_fire": 0.919632,
      "val_f1_nofire": 0.909091,
      "val_f1_macro": 0.914362,
      "lr": 0.0009755282581475768,
      "epoch_time_seconds": 48.13
    },
    {
      "epoch": 3,
      "train_loss": 0.257469,
      "train_acc": 0.894452,
      "val_loss": 0.167623,
      "val_acc": 0.934635,
      "val_f1_fire": 0.938645,
      "val_f1_nofire": 0.930064,
      "val_f1_macro": 0.934354,
      "lr": 0.0009455032620941839,
      "epoch_time_seconds": 48.07
    },
    {
      "epoch": 4,
      "train_loss": 0.229445,
      "train_acc": 0.908323,
      "val_loss": 0.149261,
      "val_acc": 0.939728,
      "val_f1_fire": 0.942742,
      "val_f1_nofire": 0.93638,
      "val_f1_macro": 0.939561,
      "lr": 0.0009045084971874737,
      "epoch_time_seconds": 48.04
    },
    {
      "epoch": 5,
      "train_loss": 0.2085,
      "train_acc": 0.918739,
      "val_loss": 0.13,
      "val_acc": 0.955433,
      "val_f1_fire": 0.95695,
      "val_f1_nofire": 0.953806,
      "val_f1_macro": 0.955378,
      "lr": 0.0008535533905932737,
      "epoch_time_seconds": 48.12
    },
    {
      "epoch": 6,
      "train_loss": 0.188333,
      "train_acc": 0.926711,
      "val_loss": 0.106995,
      "val_acc": 0.959253,
      "val_f1_fire": 0.960816,
      "val_f1_nofire": 0.95756,
      "val_f1_macro": 0.959188,
      "lr": 0.0007938926261462366,
      "epoch_time_seconds": 47.82
    },
    {
      "epoch": 7,
      "train_loss": 0.177974,
      "train_acc": 0.93378,
      "val_loss": 0.133547,
      "val_acc": 0.953311,
      "val_f1_fire": 0.955574,
      "val_f1_nofire": 0.950805,
      "val_f1_macro": 0.953189,
      "lr": 0.0007269952498697733,
      "epoch_time_seconds": 48.09
    },
    {
      "epoch": 8,
      "train_loss": 0.16833,
      "train_acc": 0.935534,
      "val_loss": 0.109639,
      "val_acc": 0.9618,
      "val_f1_fire": 0.962531,
      "val_f1_nofire": 0.961039,
      "val_f1_macro": 0.961785,
      "lr": 0.0006545084971874737,
      "epoch_time_seconds": 48.11
    },
    {
      "epoch": 9,
      "train_loss": 0.159267,
      "train_acc": 0.941167,
      "val_loss": 0.087654,
      "val_acc": 0.967317,
      "val_f1_fire": 0.968712,
      "val_f1_nofire": 0.965793,
      "val_f1_macro": 0.967252,
      "lr": 0.0005782172325201155,
      "epoch_time_seconds": 47.42
    },
    {
      "epoch": 10,
      "train_loss": 0.144973,
      "train_acc": 0.946057,
      "val_loss": 0.10775,
      "val_acc": 0.962649,
      "val_f1_fire": 0.964516,
      "val_f1_nofire": 0.960573,
      "val_f1_macro": 0.962545,
      "lr": 0.0005,
      "epoch_time_seconds": 47.8
    },
    {
      "epoch": 11,
      "train_loss": 0.142475,
      "train_acc": 0.947651,
      "val_loss": 0.064079,
      "val_acc": 0.978353,
      "val_f1_fire": 0.97909,
      "val_f1_nofire": 0.977563,
      "val_f1_macro": 0.978326,
      "lr": 0.0004217827674798847,
      "epoch_time_seconds": 47.9
    },
    {
      "epoch": 12,
      "train_loss": 0.131599,
      "train_acc": 0.951424,
      "val_loss": 0.094522,
      "val_acc": 0.962224,
      "val_f1_fire": 0.964329,
      "val_f1_nofire": 0.959856,
      "val_f1_macro": 0.962092,
      "lr": 0.00034549150281252633,
      "epoch_time_seconds": 47.48
    },
    {
      "epoch": 13,
      "train_loss": 0.119242,
      "train_acc": 0.954347,
      "val_loss": 0.097827,
      "val_acc": 0.966044,
      "val_f1_fire": 0.967871,
      "val_f1_nofire": 0.963996,
      "val_f1_macro": 0.965934,
      "lr": 0.00027300475013022663,
      "epoch_time_seconds": 48.4
    },
    {
      "epoch": 14,
      "train_loss": 0.112361,
      "train_acc": 0.958918,
      "val_loss": 0.067858,
      "val_acc": 0.978353,
      "val_f1_fire": 0.978952,
      "val_f1_nofire": 0.97772,
      "val_f1_macro": 0.978336,
      "lr": 0.00020610737385376348,
      "epoch_time_seconds": 48.07
    },
    {
      "epoch": 15,
      "train_loss": 0.102574,
      "train_acc": 0.963223,
      "val_loss": 0.05971,
      "val_acc": 0.9809,
      "val_f1_fire": 0.98164,
      "val_f1_nofire": 0.980097,
      "val_f1_macro": 0.980869,
      "lr": 0.00014644660940672625,
      "epoch_time_seconds": 47.84
    },
    {
      "epoch": 16,
      "train_loss": 0.102473,
      "train_acc": 0.962585,
      "val_loss": 0.056784,
      "val_acc": 0.982173,
      "val_f1_fire": 0.982815,
      "val_f1_nofire": 0.981481,
      "val_f1_macro": 0.982148,
      "lr": 9.549150281252631e-05,
      "epoch_time_seconds": 47.61
    },
    {
      "epoch": 17,
      "train_loss": 0.094191,
      "train_acc": 0.966943,
      "val_loss": 0.050061,
      "val_acc": 0.985144,
      "val_f1_fire": 0.985626,
      "val_f1_nofire": 0.984629,
      "val_f1_macro": 0.985128,
      "lr": 5.4496737905816096e-05,
      "epoch_time_seconds": 48.21
    },
    {
      "epoch": 18,
      "train_loss": 0.090604,
      "train_acc": 0.968006,
      "val_loss": 0.048739,
      "val_acc": 0.98472,
      "val_f1_fire": 0.985197,
      "val_f1_nofire": 0.984211,
      "val_f1_macro": 0.984704,
      "lr": 2.447174185242323e-05,
      "epoch_time_seconds": 47.68
    },
    {
      "epoch": 19,
      "train_loss": 0.082604,
      "train_acc": 0.971035,
      "val_loss": 0.04988,
      "val_acc": 0.983447,
      "val_f1_fire": 0.984036,
      "val_f1_nofire": 0.982812,
      "val_f1_macro": 0.983424,
      "lr": 6.15582970243117e-06,
      "epoch_time_seconds": 47.94
    },
    {
      "epoch": 20,
      "train_loss": 0.084139,
      "train_acc": 0.969494,
      "val_loss": 0.046635,
      "val_acc": 0.98472,
      "val_f1_fire": 0.985234,
      "val_f1_nofire": 0.984169,
      "val_f1_macro": 0.984701,
      "lr": 0.0,
      "epoch_time_seconds": 48.01
    }
  ]
}