{
  "model": "vit",
  "freeze_config": "freeze_patch_blocks0-8",
  "seed": 20,
  "device": "cuda",
  "gpu_name": "NVIDIA GeForce RTX 4070",
  "optimizer": "adamw",
  "lr": 0.001,
  "weight_decay": 0.01,
  "dropout": 0.1,
  "batch_size": 128,
  "grad_accum_steps": 1,
  "effective_batch_size": 128,
  "amp": false,
  "epochs_configured": 20,
  "patience": 5,
  "num_trainable_params": 21266690,
  "num_frozen_params": 64533504,
  "num_total_params": 85800194,
  "trainable_pct": 24.79,
  "dataset": {
    "train": {
      "total": 18847,
      "fire": 9763,
      "nofire": 9084
    },
    "val": {
      "total": 2356,
      "fire": 1220,
      "nofire": 1136
    },
    "test": {
      "total": 2356,
      "fire": 1221,
      "nofire": 1135
    }
  },
  "class_weights": [
    1.0374,
    0.9652
  ],
  "epochs_completed": 12,
  "early_stopped": true,
  "test_acc": 0.992784,
  "test_loss": 0.02516,
  "test_precision_fire": 0.9967,
  "test_recall_fire": 0.9894,
  "test_f1_fire": 0.993,
  "test_precision_nofire": 0.9886,
  "test_recall_nofire": 0.9965,
  "test_f1_nofire": 0.9925,
  "test_confusion_matrix": [
    [
      1131,
      4
    ],
    [
      13,
      1208
    ]
  ],
  "best_val_acc": 0.990662,
  "best_val_loss": 0.026708,
  "best_val_f1_fire": 0.990984,
  "best_val_f1_macro": 0.99065,
  "best_epoch": 7,
  "total_train_time_seconds": 1605.96,
  "train_history": [
    {
      "epoch": 1,
      "train_loss": 0.112854,
      "train_acc": 0.965242,
      "val_loss": 0.032103,
      "val_acc": 0.991087,
      "val_f1_fire": 0.991404,
      "val_f1_nofire": 0.990745,
      "val_f1_macro": 0.991074,
      "lr": 0.0009938441702975688,
      "epoch_time_seconds": 128.2
    },
    {
      "epoch": 2,
      "train_loss": 0.052043,
      "train_acc": 0.98294,
      "val_loss": 0.031797,
      "val_acc": 0.989389,
      "val_f1_fire": 0.989733,
      "val_f1_nofire": 0.989021,
      "val_f1_macro": 0.989377,
      "lr": 0.0009755282581475768,
      "epoch_time_seconds": 135.24
    },
    {
      "epoch": 3,
      "train_loss": 0.039763,
      "train_acc": 0.986873,
      "val_loss": 0.03074,
      "val_acc": 0.991935,
      "val_f1_fire": 0.992216,
      "val_f1_nofire": 0.991634,
      "val_f1_macro": 0.991925,
      "lr": 0.0009455032620941839,
      "epoch_time_seconds": 134.62
    },
    {
      "epoch": 4,
      "train_loss": 0.032576,
      "train_acc": 0.989796,
      "val_loss": 0.042054,
      "val_acc": 0.987691,
      "val_f1_fire": 0.988207,
      "val_f1_nofire": 0.987128,
      "val_f1_macro": 0.987667,
      "lr": 0.0009045084971874737,
      "epoch_time_seconds": 133.19
    },
    {
      "epoch": 5,
      "train_loss": 0.02675,
      "train_acc": 0.992134,
      "val_loss": 0.038628,
      "val_acc": 0.98854,
      "val_f1_fire": 0.988866,
      "val_f1_nofire": 0.988194,
      "val_f1_macro": 0.98853,
      "lr": 0.0008535533905932737,
      "epoch_time_seconds": 132.37
    },
    {
      "epoch": 6,
      "train_loss": 0.026062,
      "train_acc": 0.991869,
      "val_loss": 0.032127,
      "val_acc": 0.988964,
      "val_f1_fire": 0.989379,
      "val_f1_nofire": 0.988516,
      "val_f1_macro": 0.988947,
      "lr": 0.0007938926261462366,
      "epoch_time_seconds": 135.74
    },
    {
      "epoch": 7,
      "train_loss": 0.020963,
      "train_acc": 0.99341,
      "val_loss": 0.026708,
      "val_acc": 0.990662,
      "val_f1_fire": 0.990984,
      "val_f1_nofire": 0.990317,
      "val_f1_macro": 0.99065,
      "lr": 0.0007269952498697733,
      "epoch_time_seconds": 140.18
    },
    {
      "epoch": 8,
      "train_loss": 0.019708,
      "train_acc": 0.993463,
      "val_loss": 0.048104,
      "val_acc": 0.988964,
      "val_f1_fire": 0.989396,
      "val_f1_nofire": 0.988496,
      "val_f1_macro": 0.988946,
      "lr": 0.0006545084971874737,
      "epoch_time_seconds": 133.79
    },
    {
      "epoch": 9,
      "train_loss": 0.032799,
      "train_acc": 0.990434,
      "val_loss": 0.037833,
      "val_acc": 0.987267,
      "val_f1_fire": 0.987735,
      "val_f1_nofire": 0.986761,
      "val_f1_macro": 0.987248,
      "lr": 0.0005782172325201155,
      "epoch_time_seconds": 141.72
    },
    {
      "epoch": 10,
      "train_loss": 0.022897,
      "train_acc": 0.992825,
      "val_loss": 0.037464,
      "val_acc": 0.98854,
      "val_f1_fire": 0.988966,
      "val_f1_nofire": 0.988079,
      "val_f1_macro": 0.988523,
      "lr": 0.0005,
      "epoch_time_seconds": 131.19
    },
    {
      "epoch": 11,
      "train_loss": 0.017247,
      "train_acc": 0.994366,
      "val_loss": 0.029306,
      "val_acc": 0.989389,
      "val_f1_fire": 0.989783,
      "val_f1_nofire": 0.988962,
      "val_f1_macro": 0.989373,
      "lr": 0.0004217827674798847,
      "epoch_time_seconds": 127.37
    },
    {
      "epoch": 12,
      "train_loss": 0.015854,
      "train_acc": 0.995111,
      "val_loss": 0.034737,
      "val_acc": 0.991087,
      "val_f1_fire": 0.991418,
      "val_f1_nofire": 0.990728,
      "val_f1_macro": 0.991073,
      "lr": 0.00034549150281252633,
      "epoch_time_seconds": 130.98
    }
  ]
}