{
  "model": "vit",
  "freeze_config": "freeze_patch_blocks0-8",
  "seed": 15,
  "device": "cuda",
  "gpu_name": "NVIDIA GeForce RTX 4070",
  "optimizer": "adamw",
  "lr": 0.001,
  "weight_decay": 0.01,
  "dropout": 0.1,
  "batch_size": 128,
  "grad_accum_steps": 1,
  "effective_batch_size": 128,
  "amp": false,
  "epochs_configured": 20,
  "patience": 5,
  "num_trainable_params": 21266690,
  "num_frozen_params": 64533504,
  "num_total_params": 85800194,
  "trainable_pct": 24.79,
  "dataset": {
    "train": {
      "total": 18847,
      "fire": 9763,
      "nofire": 9084
    },
    "val": {
      "total": 2356,
      "fire": 1220,
      "nofire": 1136
    },
    "test": {
      "total": 2356,
      "fire": 1221,
      "nofire": 1135
    }
  },
  "class_weights": [
    1.0374,
    0.9652
  ],
  "epochs_completed": 8,
  "early_stopped": true,
  "test_acc": 0.994058,
  "test_loss": 0.028062,
  "test_precision_fire": 0.9967,
  "test_recall_fire": 0.9918,
  "test_f1_fire": 0.9943,
  "test_precision_nofire": 0.9912,
  "test_recall_nofire": 0.9965,
  "test_f1_nofire": 0.9938,
  "test_confusion_matrix": [
    [
      1131,
      4
    ],
    [
      10,
      1211
    ]
  ],
  "best_val_acc": 0.991087,
  "best_val_loss": 0.027553,
  "best_val_f1_fire": 0.99139,
  "best_val_f1_macro": 0.991076,
  "best_epoch": 3,
  "total_train_time_seconds": 1057.32,
  "train_history": [
    {
      "epoch": 1,
      "train_loss": 0.125486,
      "train_acc": 0.961947,
      "val_loss": 0.039187,
      "val_acc": 0.989389,
      "val_f1_fire": 0.989741,
      "val_f1_nofire": 0.989011,
      "val_f1_macro": 0.989376,
      "lr": 0.0009938441702975688,
      "epoch_time_seconds": 135.54
    },
    {
      "epoch": 2,
      "train_loss": 0.047927,
      "train_acc": 0.984216,
      "val_loss": 0.030404,
      "val_acc": 0.99236,
      "val_f1_fire": 0.992629,
      "val_f1_nofire": 0.99207,
      "val_f1_macro": 0.99235,
      "lr": 0.0009755282581475768,
      "epoch_time_seconds": 129.07
    },
    {
      "epoch": 3,
      "train_loss": 0.041261,
      "train_acc": 0.986288,
      "val_loss": 0.027553,
      "val_acc": 0.991087,
      "val_f1_fire": 0.99139,
      "val_f1_nofire": 0.990761,
      "val_f1_macro": 0.991076,
      "lr": 0.0009455032620941839,
      "epoch_time_seconds": 130.2
    },
    {
      "epoch": 4,
      "train_loss": 0.033728,
      "train_acc": 0.98953,
      "val_loss": 0.034752,
      "val_acc": 0.991087,
      "val_f1_fire": 0.991418,
      "val_f1_nofire": 0.990728,
      "val_f1_macro": 0.991073,
      "lr": 0.0009045084971874737,
      "epoch_time_seconds": 130.62
    },
    {
      "epoch": 5,
      "train_loss": 0.045038,
      "train_acc": 0.986129,
      "val_loss": 0.052303,
      "val_acc": 0.986418,
      "val_f1_fire": 0.98681,
      "val_f1_nofire": 0.986002,
      "val_f1_macro": 0.986406,
      "lr": 0.0008535533905932737,
      "epoch_time_seconds": 128.19
    },
    {
      "epoch": 6,
      "train_loss": 0.035017,
      "train_acc": 0.989424,
      "val_loss": 0.0295,
      "val_acc": 0.990662,
      "val_f1_fire": 0.990976,
      "val_f1_nofire": 0.990325,
      "val_f1_macro": 0.990651,
      "lr": 0.0007938926261462366,
      "epoch_time_seconds": 141.11
    },
    {
      "epoch": 7,
      "train_loss": 0.026931,
      "train_acc": 0.992081,
      "val_loss": 0.031198,
      "val_acc": 0.989813,
      "val_f1_fire": 0.990172,
      "val_f1_nofire": 0.989427,
      "val_f1_macro": 0.9898,
      "lr": 0.0007269952498697733,
      "epoch_time_seconds": 129.39
    },
    {
      "epoch": 8,
      "train_loss": 0.020839,
      "train_acc": 0.994048,
      "val_loss": 0.033999,
      "val_acc": 0.991935,
      "val_f1_fire": 0.992235,
      "val_f1_nofire": 0.991611,
      "val_f1_macro": 0.991923,
      "lr": 0.0006545084971874737,
      "epoch_time_seconds": 132.15
    }
  ]
}