{
  "model": "hybrid",
  "freeze_config": "freeze_backbone_proj_blocks0-8",
  "seed": 5,
  "device": "cuda",
  "gpu_name": "NVIDIA GeForce RTX 4090",
  "optimizer": "adamw",
  "lr": 0.001,
  "weight_decay": 0.01,
  "dropout": 0.1,
  "batch_size": 128,
  "grad_accum_steps": 1,
  "effective_batch_size": 128,
  "amp": true,
  "epochs_configured": 20,
  "patience": 5,
  "num_trainable_params": 21266690,
  "num_frozen_params": 73273408,
  "num_total_params": 94540098,
  "trainable_pct": 22.49,
  "dataset": {
    "train": {
      "total": 18847,
      "fire": 9763,
      "nofire": 9084
    },
    "val": {
      "total": 2356,
      "fire": 1220,
      "nofire": 1136
    },
    "test": {
      "total": 2356,
      "fire": 1221,
      "nofire": 1135
    }
  },
  "class_weights": [
    1.0374,
    0.9652
  ],
  "epochs_completed": 20,
  "early_stopped": false,
  "test_acc": 0.919779,
  "test_loss": 0.215892,
  "test_precision_fire": 0.955,
  "test_recall_fire": 0.887,
  "test_f1_fire": 0.9197,
  "test_precision_nofire": 0.8871,
  "test_recall_nofire": 0.9551,
  "test_f1_nofire": 0.9198,
  "test_confusion_matrix": [
    [
      1084,
      51
    ],
    [
      138,
      1083
    ]
  ],
  "best_val_acc": 0.917657,
  "best_val_loss": 0.212846,
  "best_val_f1_fire": 0.918624,
  "best_val_f1_macro": 0.917645,
  "best_epoch": 20,
  "total_train_time_seconds": 689.18,
  "train_history": [
    {
      "epoch": 1,
      "train_loss": 0.697018,
      "train_acc": 0.578869,
      "val_loss": 0.640501,
      "val_acc": 0.625212,
      "val_f1_fire": 0.508625,
      "val_f1_nofire": 0.697084,
      "val_f1_macro": 0.602855,
      "lr": 0.0009938441702975688,
      "epoch_time_seconds": 51.45
    },
    {
      "epoch": 2,
      "train_loss": 0.573405,
      "train_acc": 0.696907,
      "val_loss": 0.53114,
      "val_acc": 0.766129,
      "val_f1_fire": 0.78485,
      "val_f1_nofire": 0.74384,
      "val_f1_macro": 0.764345,
      "lr": 0.0009755282581475768,
      "epoch_time_seconds": 32.89
    },
    {
      "epoch": 3,
      "train_loss": 0.482058,
      "train_acc": 0.76892,
      "val_loss": 0.411547,
      "val_acc": 0.808574,
      "val_f1_fire": 0.806687,
      "val_f1_nofire": 0.810425,
      "val_f1_macro": 0.808556,
      "lr": 0.0009455032620941839,
      "epoch_time_seconds": 32.73
    },
    {
      "epoch": 4,
      "train_loss": 0.455294,
      "train_acc": 0.786352,
      "val_loss": 0.384535,
      "val_acc": 0.815365,
      "val_f1_fire": 0.80467,
      "val_f1_nofire": 0.82495,
      "val_f1_macro": 0.81481,
      "lr": 0.0009045084971874737,
      "epoch_time_seconds": 33.85
    },
    {
      "epoch": 5,
      "train_loss": 0.399202,
      "train_acc": 0.821747,
      "val_loss": 0.362218,
      "val_acc": 0.839983,
      "val_f1_fire": 0.83326,
      "val_f1_nofire": 0.846185,
      "val_f1_macro": 0.839722,
      "lr": 0.0008535533905932737,
      "epoch_time_seconds": 33.36
    },
    {
      "epoch": 6,
      "train_loss": 0.372835,
      "train_acc": 0.834715,
      "val_loss": 0.362868,
      "val_acc": 0.839559,
      "val_f1_fire": 0.858427,
      "val_f1_nofire": 0.814887,
      "val_f1_macro": 0.836657,
      "lr": 0.0007938926261462366,
      "epoch_time_seconds": 32.8
    },
    {
      "epoch": 7,
      "train_loss": 0.375709,
      "train_acc": 0.830995,
      "val_loss": 0.333632,
      "val_acc": 0.858659,
      "val_f1_fire": 0.851934,
      "val_f1_nofire": 0.864799,
      "val_f1_macro": 0.858367,
      "lr": 0.0007269952498697733,
      "epoch_time_seconds": 32.84
    },
    {
      "epoch": 8,
      "train_loss": 0.341957,
      "train_acc": 0.851403,
      "val_loss": 0.305052,
      "val_acc": 0.873939,
      "val_f1_fire": 0.871038,
      "val_f1_nofire": 0.876712,
      "val_f1_macro": 0.873875,
      "lr": 0.0006545084971874737,
      "epoch_time_seconds": 33.49
    },
    {
      "epoch": 9,
      "train_loss": 0.319387,
      "train_acc": 0.86469,
      "val_loss": 0.271351,
      "val_acc": 0.88837,
      "val_f1_fire": 0.891187,
      "val_f1_nofire": 0.885403,
      "val_f1_macro": 0.888295,
      "lr": 0.0005782172325201155,
      "epoch_time_seconds": 33.34
    },
    {
      "epoch": 10,
      "train_loss": 0.309883,
      "train_acc": 0.868357,
      "val_loss": 0.270476,
      "val_acc": 0.889219,
      "val_f1_fire": 0.887548,
      "val_f1_nofire": 0.890841,
      "val_f1_macro": 0.889195,
      "lr": 0.0005,
      "epoch_time_seconds": 33.48
    },
    {
      "epoch": 11,
      "train_loss": 0.31532,
      "train_acc": 0.866178,
      "val_loss": 0.270079,
      "val_acc": 0.892615,
      "val_f1_fire": 0.900901,
      "val_f1_nofire": 0.882816,
      "val_f1_macro": 0.891859,
      "lr": 0.0004217827674798847,
      "epoch_time_seconds": 33.43
    },
    {
      "epoch": 12,
      "train_loss": 0.291142,
      "train_acc": 0.878933,
      "val_loss": 0.267782,
      "val_acc": 0.887521,
      "val_f1_fire": 0.883516,
      "val_f1_nofire": 0.89126,
      "val_f1_macro": 0.887388,
      "lr": 0.00034549150281252633,
      "epoch_time_seconds": 33.2
    },
    {
      "epoch": 13,
      "train_loss": 0.28173,
      "train_acc": 0.880049,
      "val_loss": 0.34818,
      "val_acc": 0.839134,
      "val_f1_fire": 0.81961,
      "val_f1_nofire": 0.854845,
      "val_f1_macro": 0.837227,
      "lr": 0.00027300475013022663,
      "epoch_time_seconds": 33.39
    },
    {
      "epoch": 14,
      "train_loss": 0.282978,
      "train_acc": 0.881856,
      "val_loss": 0.23738,
      "val_acc": 0.912564,
      "val_f1_fire": 0.915366,
      "val_f1_nofire": 0.90957,
      "val_f1_macro": 0.912468,
      "lr": 0.00020610737385376348,
      "epoch_time_seconds": 32.92
    },
    {
      "epoch": 15,
      "train_loss": 0.256228,
      "train_acc": 0.894398,
      "val_loss": 0.223833,
      "val_acc": 0.917233,
      "val_f1_fire": 0.920441,
      "val_f1_nofire": 0.913755,
      "val_f1_macro": 0.917098,
      "lr": 0.00014644660940672625,
      "epoch_time_seconds": 33.73
    },
    {
      "epoch": 16,
      "train_loss": 0.263894,
      "train_acc": 0.892219,
      "val_loss": 0.231218,
      "val_acc": 0.912988,
      "val_f1_fire": 0.912431,
      "val_f1_nofire": 0.913539,
      "val_f1_macro": 0.912985,
      "lr": 9.549150281252631e-05,
      "epoch_time_seconds": 32.7
    },
    {
      "epoch": 17,
      "train_loss": 0.240001,
      "train_acc": 0.90338,
      "val_loss": 0.238819,
      "val_acc": 0.905772,
      "val_f1_fire": 0.903562,
      "val_f1_nofire": 0.907884,
      "val_f1_macro": 0.905723,
      "lr": 5.4496737905816096e-05,
      "epoch_time_seconds": 33.0
    },
    {
      "epoch": 18,
      "train_loss": 0.237757,
      "train_acc": 0.90423,
      "val_loss": 0.216897,
      "val_acc": 0.921053,
      "val_f1_fire": 0.921585,
      "val_f1_nofire": 0.920513,
      "val_f1_macro": 0.921049,
      "lr": 2.447174185242323e-05,
      "epoch_time_seconds": 32.88
    },
    {
      "epoch": 19,
      "train_loss": 0.241204,
      "train_acc": 0.90152,
      "val_loss": 0.217321,
      "val_acc": 0.916384,
      "val_f1_fire": 0.916913,
      "val_f1_nofire": 0.915848,
      "val_f1_macro": 0.91638,
      "lr": 6.15582970243117e-06,
      "epoch_time_seconds": 33.8
    },
    {
      "epoch": 20,
      "train_loss": 0.239125,
      "train_acc": 0.903221,
      "val_loss": 0.212846,
      "val_acc": 0.917657,
      "val_f1_fire": 0.918624,
      "val_f1_nofire": 0.916667,
      "val_f1_macro": 0.917645,
      "lr": 0.0,
      "epoch_time_seconds": 33.53
    }
  ]
}