{
  "model": "resnet",
  "freeze_config": "freeze_conv1_layer1-3",
  "seed": 0,
  "device": "cuda",
  "gpu_name": "NVIDIA GeForce GTX 1060 3GB",
  "optimizer": "adamw",
  "lr": 0.001,
  "weight_decay": 0.01,
  "dropout": 0.1,
  "batch_size": 16,
  "grad_accum_steps": 2,
  "effective_batch_size": 32,
  "amp": false,
  "epochs_configured": 20,
  "patience": 5,
  "num_trainable_params": 14968834,
  "num_frozen_params": 8543296,
  "num_total_params": 23512130,
  "trainable_pct": 63.66,
  "dataset": {
    "train": {
      "total": 18847,
      "fire": 9763,
      "nofire": 9084
    },
    "val": {
      "total": 2356,
      "fire": 1220,
      "nofire": 1136
    },
    "test": {
      "total": 2356,
      "fire": 1221,
      "nofire": 1135
    }
  },
  "class_weights": [
    1.0374,
    0.9652
  ],
  "epochs_completed": 20,
  "early_stopped": false,
  "test_acc": 0.990238,
  "test_loss": 0.046602,
  "test_precision_fire": 0.995,
  "test_recall_fire": 0.9861,
  "test_f1_fire": 0.9905,
  "test_precision_nofire": 0.9852,
  "test_recall_nofire": 0.9947,
  "test_f1_nofire": 0.9899,
  "test_confusion_matrix": [
    [
      1129,
      6
    ],
    [
      17,
      1204
    ]
  ],
  "best_val_acc": 0.991511,
  "best_val_loss": 0.035174,
  "best_val_f1_fire": 0.991797,
  "best_val_f1_macro": 0.991501,
  "best_epoch": 16,
  "total_train_time_seconds": 3724.15,
  "train_history": [
    {
      "epoch": 1,
      "train_loss": 0.17108,
      "train_acc": 0.938615,
      "val_loss": 0.083651,
      "val_acc": 0.974533,
      "val_f1_fire": 0.974895,
      "val_f1_nofire": 0.97416,
      "val_f1_macro": 0.974528,
      "lr": 0.0009938441702975688,
      "epoch_time_seconds": 183.99
    },
    {
      "epoch": 2,
      "train_loss": 0.104408,
      "train_acc": 0.965962,
      "val_loss": 0.055306,
      "val_acc": 0.985569,
      "val_f1_fire": 0.9861,
      "val_f1_nofire": 0.984996,
      "val_f1_macro": 0.985548,
      "lr": 0.0009755282581475768,
      "epoch_time_seconds": 178.72
    },
    {
      "epoch": 3,
      "train_loss": 0.088966,
      "train_acc": 0.969361,
      "val_loss": 0.048377,
      "val_acc": 0.986418,
      "val_f1_fire": 0.98681,
      "val_f1_nofire": 0.986002,
      "val_f1_macro": 0.986406,
      "lr": 0.0009455032620941839,
      "epoch_time_seconds": 178.67
    },
    {
      "epoch": 4,
      "train_loss": 0.07649,
      "train_acc": 0.975786,
      "val_loss": 0.044882,
      "val_acc": 0.988115,
      "val_f1_fire": 0.988458,
      "val_f1_nofire": 0.987752,
      "val_f1_macro": 0.988105,
      "lr": 0.0009045084971874737,
      "epoch_time_seconds": 188.75
    },
    {
      "epoch": 5,
      "train_loss": 0.065099,
      "train_acc": 0.978282,
      "val_loss": 0.045095,
      "val_acc": 0.987267,
      "val_f1_fire": 0.987705,
      "val_f1_nofire": 0.986796,
      "val_f1_macro": 0.98725,
      "lr": 0.0008535533905932737,
      "epoch_time_seconds": 201.23
    },
    {
      "epoch": 6,
      "train_loss": 0.066113,
      "train_acc": 0.979184,
      "val_loss": 0.042038,
      "val_acc": 0.986842,
      "val_f1_fire": 0.98729,
      "val_f1_nofire": 0.986362,
      "val_f1_macro": 0.986826,
      "lr": 0.0007938926261462366,
      "epoch_time_seconds": 193.23
    },
    {
      "epoch": 7,
      "train_loss": 0.057722,
      "train_acc": 0.982105,
      "val_loss": 0.058176,
      "val_acc": 0.983447,
      "val_f1_fire": 0.983891,
      "val_f1_nofire": 0.982977,
      "val_f1_macro": 0.983434,
      "lr": 0.0007269952498697733,
      "epoch_time_seconds": 191.66
    },
    {
      "epoch": 8,
      "train_loss": 0.052479,
      "train_acc": 0.981733,
      "val_loss": 0.047608,
      "val_acc": 0.985993,
      "val_f1_fire": 0.986381,
      "val_f1_nofire": 0.985583,
      "val_f1_macro": 0.985982,
      "lr": 0.0006545084971874737,
      "epoch_time_seconds": 211.25
    },
    {
      "epoch": 9,
      "train_loss": 0.04964,
      "train_acc": 0.983963,
      "val_loss": 0.042525,
      "val_acc": 0.989389,
      "val_f1_fire": 0.989708,
      "val_f1_nofire": 0.989049,
      "val_f1_macro": 0.989379,
      "lr": 0.0005782172325201155,
      "epoch_time_seconds": 194.05
    },
    {
      "epoch": 10,
      "train_loss": 0.045662,
      "train_acc": 0.985556,
      "val_loss": 0.039912,
      "val_acc": 0.990238,
      "val_f1_fire": 0.990547,
      "val_f1_nofire": 0.989908,
      "val_f1_macro": 0.990227,
      "lr": 0.0005,
      "epoch_time_seconds": 193.05
    },
    {
      "epoch": 11,
      "train_loss": 0.04132,
      "train_acc": 0.986141,
      "val_loss": 0.045475,
      "val_acc": 0.986842,
      "val_f1_fire": 0.987269,
      "val_f1_nofire": 0.986386,
      "val_f1_macro": 0.986827,
      "lr": 0.0004217827674798847,
      "epoch_time_seconds": 193.74
    },
    {
      "epoch": 12,
      "train_loss": 0.039123,
      "train_acc": 0.986459,
      "val_loss": 0.042165,
      "val_acc": 0.990238,
      "val_f1_fire": 0.990578,
      "val_f1_nofire": 0.989872,
      "val_f1_macro": 0.990225,
      "lr": 0.00034549150281252633,
      "epoch_time_seconds": 187.54
    },
    {
      "epoch": 13,
      "train_loss": 0.035233,
      "train_acc": 0.988424,
      "val_loss": 0.038029,
      "val_acc": 0.990662,
      "val_f1_fire": 0.990969,
      "val_f1_nofire": 0.990334,
      "val_f1_macro": 0.990651,
      "lr": 0.00027300475013022663,
      "epoch_time_seconds": 178.18
    },
    {
      "epoch": 14,
      "train_loss": 0.031243,
      "train_acc": 0.989274,
      "val_loss": 0.041568,
      "val_acc": 0.990238,
      "val_f1_fire": 0.990585,
      "val_f1_nofire": 0.989863,
      "val_f1_macro": 0.990224,
      "lr": 0.00020610737385376348,
      "epoch_time_seconds": 178.21
    },
    {
      "epoch": 15,
      "train_loss": 0.028745,
      "train_acc": 0.990601,
      "val_loss": 0.042292,
      "val_acc": 0.989389,
      "val_f1_fire": 0.989758,
      "val_f1_nofire": 0.988992,
      "val_f1_macro": 0.989375,
      "lr": 0.00014644660940672625,
      "epoch_time_seconds": 178.51
    },
    {
      "epoch": 16,
      "train_loss": 0.02875,
      "train_acc": 0.99076,
      "val_loss": 0.035174,
      "val_acc": 0.991511,
      "val_f1_fire": 0.991797,
      "val_f1_nofire": 0.991205,
      "val_f1_macro": 0.991501,
      "lr": 9.549150281252631e-05,
      "epoch_time_seconds": 178.17
    },
    {
      "epoch": 17,
      "train_loss": 0.025682,
      "train_acc": 0.991345,
      "val_loss": 0.03692,
      "val_acc": 0.991511,
      "val_f1_fire": 0.99179,
      "val_f1_nofire": 0.991213,
      "val_f1_macro": 0.991501,
      "lr": 5.4496737905816096e-05,
      "epoch_time_seconds": 178.18
    },
    {
      "epoch": 18,
      "train_loss": 0.024238,
      "train_acc": 0.9923,
      "val_loss": 0.035613,
      "val_acc": 0.992784,
      "val_f1_fire": 0.993036,
      "val_f1_nofire": 0.992514,
      "val_f1_macro": 0.992775,
      "lr": 2.447174185242323e-05,
      "epoch_time_seconds": 177.85
    },
    {
      "epoch": 19,
      "train_loss": 0.025346,
      "train_acc": 0.991132,
      "val_loss": 0.036308,
      "val_acc": 0.993209,
      "val_f1_fire": 0.993443,
      "val_f1_nofire": 0.992958,
      "val_f1_macro": 0.9932,
      "lr": 6.15582970243117e-06,
      "epoch_time_seconds": 177.85
    },
    {
      "epoch": 20,
      "train_loss": 0.021817,
      "train_acc": 0.992831,
      "val_loss": 0.03535,
      "val_acc": 0.99236,
      "val_f1_fire": 0.992623,
      "val_f1_nofire": 0.992077,
      "val_f1_macro": 0.99235,
      "lr": 0.0,
      "epoch_time_seconds": 178.0
    }
  ]
}