{
  "model": "hybrid",
  "freeze_config": "freeze_backbone_proj_blocks0-5",
  "seed": 15,
  "device": "cuda",
  "gpu_name": "NVIDIA GeForce RTX 4090",
  "optimizer": "adamw",
  "lr": 0.001,
  "weight_decay": 0.01,
  "dropout": 0.1,
  "batch_size": 128,
  "grad_accum_steps": 1,
  "effective_batch_size": 128,
  "amp": true,
  "epochs_configured": 20,
  "patience": 5,
  "num_trainable_params": 42530306,
  "num_frozen_params": 52009792,
  "num_total_params": 94540098,
  "trainable_pct": 44.99,
  "dataset": {
    "train": {
      "total": 18847,
      "fire": 9763,
      "nofire": 9084
    },
    "val": {
      "total": 2356,
      "fire": 1220,
      "nofire": 1136
    },
    "test": {
      "total": 2356,
      "fire": 1221,
      "nofire": 1135
    }
  },
  "class_weights": [
    1.0374,
    0.9652
  ],
  "epochs_completed": 20,
  "early_stopped": false,
  "test_acc": 0.967742,
  "test_loss": 0.090957,
  "test_precision_fire": 0.9712,
  "test_recall_fire": 0.9664,
  "test_f1_fire": 0.9688,
  "test_precision_nofire": 0.9641,
  "test_recall_nofire": 0.9692,
  "test_f1_nofire": 0.9666,
  "test_confusion_matrix": [
    [
      1100,
      35
    ],
    [
      41,
      1180
    ]
  ],
  "best_val_acc": 0.968591,
  "best_val_loss": 0.094558,
  "best_val_f1_fire": 0.969747,
  "best_val_f1_macro": 0.968545,
  "best_epoch": 18,
  "total_train_time_seconds": 691.73,
  "train_history": [
    {
      "epoch": 1,
      "train_loss": 0.797011,
      "train_acc": 0.503455,
      "val_loss": 0.682607,
      "val_acc": 0.651528,
      "val_f1_fire": 0.707517,
      "val_f1_nofire": 0.569029,
      "val_f1_macro": 0.638273,
      "lr": 0.0009938441702975688,
      "epoch_time_seconds": 33.22
    },
    {
      "epoch": 2,
      "train_loss": 0.549835,
      "train_acc": 0.704401,
      "val_loss": 0.521936,
      "val_acc": 0.729202,
      "val_f1_fire": 0.652126,
      "val_f1_nofire": 0.778318,
      "val_f1_macro": 0.715222,
      "lr": 0.0009755282581475768,
      "epoch_time_seconds": 32.67
    },
    {
      "epoch": 3,
      "train_loss": 0.349708,
      "train_acc": 0.843006,
      "val_loss": 0.387175,
      "val_acc": 0.831919,
      "val_f1_fire": 0.807767,
      "val_f1_nofire": 0.850679,
      "val_f1_macro": 0.829223,
      "lr": 0.0009455032620941839,
      "epoch_time_seconds": 32.97
    },
    {
      "epoch": 4,
      "train_loss": 0.2692,
      "train_acc": 0.886852,
      "val_loss": 0.200606,
      "val_acc": 0.924873,
      "val_f1_fire": 0.92951,
      "val_f1_nofire": 0.919582,
      "val_f1_macro": 0.924546,
      "lr": 0.0009045084971874737,
      "epoch_time_seconds": 33.96
    },
    {
      "epoch": 5,
      "train_loss": 0.225798,
      "train_acc": 0.908695,
      "val_loss": 0.182353,
      "val_acc": 0.929542,
      "val_f1_fire": 0.929422,
      "val_f1_nofire": 0.929661,
      "val_f1_macro": 0.929541,
      "lr": 0.0008535533905932737,
      "epoch_time_seconds": 34.87
    },
    {
      "epoch": 6,
      "train_loss": 0.219283,
      "train_acc": 0.912202,
      "val_loss": 0.151556,
      "val_acc": 0.949066,
      "val_f1_fire": 0.951652,
      "val_f1_nofire": 0.946188,
      "val_f1_macro": 0.94892,
      "lr": 0.0007938926261462366,
      "epoch_time_seconds": 34.23
    },
    {
      "epoch": 7,
      "train_loss": 0.195199,
      "train_acc": 0.924692,
      "val_loss": 0.194819,
      "val_acc": 0.925297,
      "val_f1_fire": 0.931464,
      "val_f1_nofire": 0.91791,
      "val_f1_macro": 0.924687,
      "lr": 0.0007269952498697733,
      "epoch_time_seconds": 34.02
    },
    {
      "epoch": 8,
      "train_loss": 0.1918,
      "train_acc": 0.925489,
      "val_loss": 0.13576,
      "val_acc": 0.952886,
      "val_f1_fire": 0.954227,
      "val_f1_nofire": 0.951465,
      "val_f1_macro": 0.952846,
      "lr": 0.0006545084971874737,
      "epoch_time_seconds": 34.34
    },
    {
      "epoch": 9,
      "train_loss": 0.170983,
      "train_acc": 0.934949,
      "val_loss": 0.13055,
      "val_acc": 0.950764,
      "val_f1_fire": 0.951907,
      "val_f1_nofire": 0.949565,
      "val_f1_macro": 0.950736,
      "lr": 0.0005782172325201155,
      "epoch_time_seconds": 33.92
    },
    {
      "epoch": 10,
      "train_loss": 0.178839,
      "train_acc": 0.932451,
      "val_loss": 0.170547,
      "val_acc": 0.931664,
      "val_f1_fire": 0.930393,
      "val_f1_nofire": 0.932889,
      "val_f1_macro": 0.931641,
      "lr": 0.0005,
      "epoch_time_seconds": 33.72
    },
    {
      "epoch": 11,
      "train_loss": 0.169566,
      "train_acc": 0.932451,
      "val_loss": 0.131997,
      "val_acc": 0.95034,
      "val_f1_fire": 0.950943,
      "val_f1_nofire": 0.949721,
      "val_f1_macro": 0.950332,
      "lr": 0.0004217827674798847,
      "epoch_time_seconds": 33.26
    },
    {
      "epoch": 12,
      "train_loss": 0.158342,
      "train_acc": 0.941752,
      "val_loss": 0.115308,
      "val_acc": 0.960526,
      "val_f1_fire": 0.962149,
      "val_f1_nofire": 0.958758,
      "val_f1_macro": 0.960454,
      "lr": 0.00034549150281252633,
      "epoch_time_seconds": 32.87
    },
    {
      "epoch": 13,
      "train_loss": 0.145995,
      "train_acc": 0.945897,
      "val_loss": 0.108342,
      "val_acc": 0.9618,
      "val_f1_fire": 0.963205,
      "val_f1_nofire": 0.960282,
      "val_f1_macro": 0.961744,
      "lr": 0.00027300475013022663,
      "epoch_time_seconds": 34.1
    },
    {
      "epoch": 14,
      "train_loss": 0.143065,
      "train_acc": 0.94797,
      "val_loss": 0.13629,
      "val_acc": 0.956282,
      "val_f1_fire": 0.958849,
      "val_f1_nofire": 0.953373,
      "val_f1_macro": 0.956111,
      "lr": 0.00020610737385376348,
      "epoch_time_seconds": 33.52
    },
    {
      "epoch": 15,
      "train_loss": 0.139589,
      "train_acc": 0.948023,
      "val_loss": 0.099828,
      "val_acc": 0.96562,
      "val_f1_fire": 0.966898,
      "val_f1_nofire": 0.964238,
      "val_f1_macro": 0.965568,
      "lr": 0.00014644660940672625,
      "epoch_time_seconds": 34.06
    },
    {
      "epoch": 16,
      "train_loss": 0.134674,
      "train_acc": 0.950043,
      "val_loss": 0.098137,
      "val_acc": 0.966044,
      "val_f1_fire": 0.96732,
      "val_f1_nofire": 0.964664,
      "val_f1_macro": 0.965992,
      "lr": 9.549150281252631e-05,
      "epoch_time_seconds": 33.12
    },
    {
      "epoch": 17,
      "train_loss": 0.128866,
      "train_acc": 0.952168,
      "val_loss": 0.09609,
      "val_acc": 0.971138,
      "val_f1_fire": 0.972335,
      "val_f1_nofire": 0.969831,
      "val_f1_macro": 0.971083,
      "lr": 5.4496737905816096e-05,
      "epoch_time_seconds": 44.75
    },
    {
      "epoch": 18,
      "train_loss": 0.126573,
      "train_acc": 0.953019,
      "val_loss": 0.094558,
      "val_acc": 0.968591,
      "val_f1_fire": 0.969747,
      "val_f1_nofire": 0.967343,
      "val_f1_macro": 0.968545,
      "lr": 2.447174185242323e-05,
      "epoch_time_seconds": 33.93
    },
    {
      "epoch": 19,
      "train_loss": 0.126421,
      "train_acc": 0.952966,
      "val_loss": 0.094888,
      "val_acc": 0.969015,
      "val_f1_fire": 0.970143,
      "val_f1_nofire": 0.967799,
      "val_f1_macro": 0.968971,
      "lr": 6.15582970243117e-06,
      "epoch_time_seconds": 33.24
    },
    {
      "epoch": 20,
      "train_loss": 0.122353,
      "train_acc": 0.954826,
      "val_loss": 0.095583,
      "val_acc": 0.969015,
      "val_f1_fire": 0.970265,
      "val_f1_nofire": 0.967656,
      "val_f1_macro": 0.96896,
      "lr": 0.0,
      "epoch_time_seconds": 33.2
    }
  ]
}