{
  "model": "hybrid",
  "freeze_config": "freeze_backbone_proj_blocks0-5",
  "seed": 5,
  "device": "cuda",
  "gpu_name": "NVIDIA GeForce RTX 4090",
  "optimizer": "adamw",
  "lr": 0.001,
  "weight_decay": 0.01,
  "dropout": 0.1,
  "batch_size": 128,
  "grad_accum_steps": 1,
  "effective_batch_size": 128,
  "amp": true,
  "epochs_configured": 20,
  "patience": 5,
  "num_trainable_params": 42530306,
  "num_frozen_params": 52009792,
  "num_total_params": 94540098,
  "trainable_pct": 44.99,
  "dataset": {
    "train": {
      "total": 18847,
      "fire": 9763,
      "nofire": 9084
    },
    "val": {
      "total": 2356,
      "fire": 1220,
      "nofire": 1136
    },
    "test": {
      "total": 2356,
      "fire": 1221,
      "nofire": 1135
    }
  },
  "class_weights": [
    1.0374,
    0.9652
  ],
  "epochs_completed": 20,
  "early_stopped": false,
  "test_acc": 0.962224,
  "test_loss": 0.110098,
  "test_precision_fire": 0.9788,
  "test_recall_fire": 0.9476,
  "test_f1_fire": 0.963,
  "test_precision_nofire": 0.9455,
  "test_recall_nofire": 0.978,
  "test_f1_nofire": 0.9615,
  "test_confusion_matrix": [
    [
      1110,
      25
    ],
    [
      64,
      1157
    ]
  ],
  "best_val_acc": 0.966044,
  "best_val_loss": 0.09097,
  "best_val_f1_fire": 0.966887,
  "best_val_f1_macro": 0.966022,
  "best_epoch": 20,
  "total_train_time_seconds": 682.72,
  "train_history": [
    {
      "epoch": 1,
      "train_loss": 0.686765,
      "train_acc": 0.607249,
      "val_loss": 0.562386,
      "val_acc": 0.704584,
      "val_f1_fire": 0.61674,
      "val_f1_nofire": 0.759669,
      "val_f1_macro": 0.688204,
      "lr": 0.0009938441702975688,
      "epoch_time_seconds": 33.82
    },
    {
      "epoch": 2,
      "train_loss": 0.416131,
      "train_acc": 0.811278,
      "val_loss": 0.378092,
      "val_acc": 0.83871,
      "val_f1_fire": 0.861314,
      "val_f1_nofire": 0.807302,
      "val_f1_macro": 0.834308,
      "lr": 0.0009755282581475768,
      "epoch_time_seconds": 33.06
    },
    {
      "epoch": 3,
      "train_loss": 0.317163,
      "train_acc": 0.866869,
      "val_loss": 0.234552,
      "val_acc": 0.913837,
      "val_f1_fire": 0.918702,
      "val_f1_nofire": 0.908352,
      "val_f1_macro": 0.913527,
      "lr": 0.0009455032620941839,
      "epoch_time_seconds": 33.2
    },
    {
      "epoch": 4,
      "train_loss": 0.280942,
      "train_acc": 0.883822,
      "val_loss": 0.184759,
      "val_acc": 0.934211,
      "val_f1_fire": 0.937222,
      "val_f1_nofire": 0.930896,
      "val_f1_macro": 0.934059,
      "lr": 0.0009045084971874737,
      "epoch_time_seconds": 33.68
    },
    {
      "epoch": 5,
      "train_loss": 0.233389,
      "train_acc": 0.905559,
      "val_loss": 0.193177,
      "val_acc": 0.932088,
      "val_f1_fire": 0.931507,
      "val_f1_nofire": 0.93266,
      "val_f1_macro": 0.932083,
      "lr": 0.0008535533905932737,
      "epoch_time_seconds": 33.65
    },
    {
      "epoch": 6,
      "train_loss": 0.203697,
      "train_acc": 0.921503,
      "val_loss": 0.167826,
      "val_acc": 0.934211,
      "val_f1_fire": 0.938025,
      "val_f1_nofire": 0.929896,
      "val_f1_macro": 0.93396,
      "lr": 0.0007938926261462366,
      "epoch_time_seconds": 34.23
    },
    {
      "epoch": 7,
      "train_loss": 0.207822,
      "train_acc": 0.917092,
      "val_loss": 0.159401,
      "val_acc": 0.938879,
      "val_f1_fire": 0.942215,
      "val_f1_nofire": 0.935135,
      "val_f1_macro": 0.938675,
      "lr": 0.0007269952498697733,
      "epoch_time_seconds": 33.9
    },
    {
      "epoch": 8,
      "train_loss": 0.192468,
      "train_acc": 0.925117,
      "val_loss": 0.139742,
      "val_acc": 0.951613,
      "val_f1_fire": 0.952697,
      "val_f1_nofire": 0.950478,
      "val_f1_macro": 0.951587,
      "lr": 0.0006545084971874737,
      "epoch_time_seconds": 34.93
    },
    {
      "epoch": 9,
      "train_loss": 0.169117,
      "train_acc": 0.933301,
      "val_loss": 0.151555,
      "val_acc": 0.943973,
      "val_f1_fire": 0.947536,
      "val_f1_nofire": 0.939891,
      "val_f1_macro": 0.943713,
      "lr": 0.0005782172325201155,
      "epoch_time_seconds": 33.99
    },
    {
      "epoch": 10,
      "train_loss": 0.168181,
      "train_acc": 0.935427,
      "val_loss": 0.117905,
      "val_acc": 0.958404,
      "val_f1_fire": 0.959268,
      "val_f1_nofire": 0.957502,
      "val_f1_macro": 0.958385,
      "lr": 0.0005,
      "epoch_time_seconds": 33.17
    },
    {
      "epoch": 11,
      "train_loss": 0.164734,
      "train_acc": 0.936543,
      "val_loss": 0.125507,
      "val_acc": 0.949491,
      "val_f1_fire": 0.952343,
      "val_f1_nofire": 0.946275,
      "val_f1_macro": 0.949309,
      "lr": 0.0004217827674798847,
      "epoch_time_seconds": 33.78
    },
    {
      "epoch": 12,
      "train_loss": 0.159107,
      "train_acc": 0.939892,
      "val_loss": 0.10166,
      "val_acc": 0.963497,
      "val_f1_fire": 0.964521,
      "val_f1_nofire": 0.962413,
      "val_f1_macro": 0.963467,
      "lr": 0.00034549150281252633,
      "epoch_time_seconds": 34.25
    },
    {
      "epoch": 13,
      "train_loss": 0.149174,
      "train_acc": 0.943559,
      "val_loss": 0.11896,
      "val_acc": 0.958404,
      "val_f1_fire": 0.95858,
      "val_f1_nofire": 0.958227,
      "val_f1_macro": 0.958403,
      "lr": 0.00027300475013022663,
      "epoch_time_seconds": 34.11
    },
    {
      "epoch": 14,
      "train_loss": 0.146667,
      "train_acc": 0.945578,
      "val_loss": 0.110786,
      "val_acc": 0.958404,
      "val_f1_fire": 0.960388,
      "val_f1_nofire": 0.956211,
      "val_f1_macro": 0.958299,
      "lr": 0.00020610737385376348,
      "epoch_time_seconds": 34.33
    },
    {
      "epoch": 15,
      "train_loss": 0.139696,
      "train_acc": 0.948926,
      "val_loss": 0.097755,
      "val_acc": 0.960102,
      "val_f1_fire": 0.961475,
      "val_f1_nofire": 0.958627,
      "val_f1_macro": 0.960051,
      "lr": 0.00014644660940672625,
      "epoch_time_seconds": 33.67
    },
    {
      "epoch": 16,
      "train_loss": 0.140156,
      "train_acc": 0.94696,
      "val_loss": 0.103533,
      "val_acc": 0.962649,
      "val_f1_fire": 0.963241,
      "val_f1_nofire": 0.962036,
      "val_f1_macro": 0.962639,
      "lr": 9.549150281252631e-05,
      "epoch_time_seconds": 32.56
    },
    {
      "epoch": 17,
      "train_loss": 0.131527,
      "train_acc": 0.950361,
      "val_loss": 0.095678,
      "val_acc": 0.96562,
      "val_f1_fire": 0.966376,
      "val_f1_nofire": 0.964828,
      "val_f1_macro": 0.965602,
      "lr": 5.4496737905816096e-05,
      "epoch_time_seconds": 33.68
    },
    {
      "epoch": 18,
      "train_loss": 0.12933,
      "train_acc": 0.952275,
      "val_loss": 0.091335,
      "val_acc": 0.96562,
      "val_f1_fire": 0.966708,
      "val_f1_nofire": 0.964458,
      "val_f1_macro": 0.965583,
      "lr": 2.447174185242323e-05,
      "epoch_time_seconds": 33.4
    },
    {
      "epoch": 19,
      "train_loss": 0.127351,
      "train_acc": 0.953444,
      "val_loss": 0.091056,
      "val_acc": 0.965195,
      "val_f1_fire": 0.965947,
      "val_f1_nofire": 0.96441,
      "val_f1_macro": 0.965178,
      "lr": 6.15582970243117e-06,
      "epoch_time_seconds": 33.29
    },
    {
      "epoch": 20,
      "train_loss": 0.130513,
      "train_acc": 0.951531,
      "val_loss": 0.09097,
      "val_acc": 0.966044,
      "val_f1_fire": 0.966887,
      "val_f1_nofire": 0.965157,
      "val_f1_macro": 0.966022,
      "lr": 0.0,
      "epoch_time_seconds": 34.21
    }
  ]
}