{
  "model": "resnet",
  "freeze_config": "freeze_conv1_layer1",
  "seed": 0,
  "device": "cuda",
  "gpu_name": "NVIDIA GeForce GTX 1060 3GB",
  "optimizer": "adamw",
  "lr": 0.001,
  "weight_decay": 0.01,
  "dropout": 0.1,
  "batch_size": 16,
  "grad_accum_steps": 2,
  "effective_batch_size": 32,
  "amp": false,
  "epochs_configured": 20,
  "patience": 5,
  "num_trainable_params": 23286786,
  "num_frozen_params": 225344,
  "num_total_params": 23512130,
  "trainable_pct": 99.04,
  "dataset": {
    "train": {
      "total": 18847,
      "fire": 9763,
      "nofire": 9084
    },
    "val": {
      "total": 2356,
      "fire": 1220,
      "nofire": 1136
    },
    "test": {
      "total": 2356,
      "fire": 1221,
      "nofire": 1135
    }
  },
  "class_weights": [
    1.0374,
    0.9652
  ],
  "epochs_completed": 20,
  "early_stopped": false,
  "test_acc": 0.986842,
  "test_loss": 0.046423,
  "test_precision_fire": 0.9901,
  "test_recall_fire": 0.9844,
  "test_f1_fire": 0.9873,
  "test_precision_nofire": 0.9834,
  "test_recall_nofire": 0.9894,
  "test_f1_nofire": 0.9864,
  "test_confusion_matrix": [
    [
      1123,
      12
    ],
    [
      19,
      1202
    ]
  ],
  "best_val_acc": 0.988115,
  "best_val_loss": 0.047428,
  "best_val_f1_fire": 0.988525,
  "best_val_f1_macro": 0.9881,
  "best_epoch": 17,
  "total_train_time_seconds": 5816.14,
  "train_history": [
    {
      "epoch": 1,
      "train_loss": 0.293916,
      "train_acc": 0.88408,
      "val_loss": 0.139027,
      "val_acc": 0.947793,
      "val_f1_fire": 0.949153,
      "val_f1_nofire": 0.946358,
      "val_f1_macro": 0.947756,
      "lr": 0.0009938441702975688,
      "epoch_time_seconds": 282.66
    },
    {
      "epoch": 2,
      "train_loss": 0.207324,
      "train_acc": 0.923641,
      "val_loss": 0.109269,
      "val_acc": 0.960951,
      "val_f1_fire": 0.962109,
      "val_f1_nofire": 0.95972,
      "val_f1_macro": 0.960914,
      "lr": 0.0009755282581475768,
      "epoch_time_seconds": 271.83
    },
    {
      "epoch": 3,
      "train_loss": 0.177865,
      "train_acc": 0.93304,
      "val_loss": 0.089172,
      "val_acc": 0.975382,
      "val_f1_fire": 0.976249,
      "val_f1_nofire": 0.974449,
      "val_f1_macro": 0.975349,
      "lr": 0.0009455032620941839,
      "epoch_time_seconds": 273.02
    },
    {
      "epoch": 4,
      "train_loss": 0.164955,
      "train_acc": 0.941217,
      "val_loss": 0.09849,
      "val_acc": 0.971562,
      "val_f1_fire": 0.972753,
      "val_f1_nofire": 0.970262,
      "val_f1_macro": 0.971508,
      "lr": 0.0009045084971874737,
      "epoch_time_seconds": 272.03
    },
    {
      "epoch": 5,
      "train_loss": 0.143641,
      "train_acc": 0.948173,
      "val_loss": 0.087042,
      "val_acc": 0.969015,
      "val_f1_fire": 0.969571,
      "val_f1_nofire": 0.968439,
      "val_f1_macro": 0.969005,
      "lr": 0.0008535533905932737,
      "epoch_time_seconds": 272.26
    },
    {
      "epoch": 6,
      "train_loss": 0.137566,
      "train_acc": 0.95035,
      "val_loss": 0.075548,
      "val_acc": 0.979202,
      "val_f1_fire": 0.979893,
      "val_f1_nofire": 0.978462,
      "val_f1_macro": 0.979177,
      "lr": 0.0007938926261462366,
      "epoch_time_seconds": 283.32
    },
    {
      "epoch": 7,
      "train_loss": 0.123003,
      "train_acc": 0.957041,
      "val_loss": 0.079406,
      "val_acc": 0.974109,
      "val_f1_fire": 0.974825,
      "val_f1_nofire": 0.973351,
      "val_f1_macro": 0.974088,
      "lr": 0.0007269952498697733,
      "epoch_time_seconds": 283.1
    },
    {
      "epoch": 8,
      "train_loss": 0.114384,
      "train_acc": 0.960387,
      "val_loss": 0.063706,
      "val_acc": 0.980475,
      "val_f1_fire": 0.981163,
      "val_f1_nofire": 0.979736,
      "val_f1_macro": 0.980449,
      "lr": 0.0006545084971874737,
      "epoch_time_seconds": 281.14
    },
    {
      "epoch": 9,
      "train_loss": 0.109755,
      "train_acc": 0.959537,
      "val_loss": 0.065665,
      "val_acc": 0.983871,
      "val_f1_fire": 0.984477,
      "val_f1_nofire": 0.983216,
      "val_f1_macro": 0.983846,
      "lr": 0.0005782172325201155,
      "epoch_time_seconds": 282.79
    },
    {
      "epoch": 10,
      "train_loss": 0.101653,
      "train_acc": 0.963573,
      "val_loss": 0.063109,
      "val_acc": 0.983447,
      "val_f1_fire": 0.983984,
      "val_f1_nofire": 0.982872,
      "val_f1_macro": 0.983428,
      "lr": 0.0005,
      "epoch_time_seconds": 286.06
    },
    {
      "epoch": 11,
      "train_loss": 0.093601,
      "train_acc": 0.967927,
      "val_loss": 0.069322,
      "val_acc": 0.982173,
      "val_f1_fire": 0.982744,
      "val_f1_nofire": 0.981563,
      "val_f1_macro": 0.982154,
      "lr": 0.0004217827674798847,
      "epoch_time_seconds": 286.47
    },
    {
      "epoch": 12,
      "train_loss": 0.08915,
      "train_acc": 0.968086,
      "val_loss": 0.062354,
      "val_acc": 0.984295,
      "val_f1_fire": 0.984792,
      "val_f1_nofire": 0.983765,
      "val_f1_macro": 0.984279,
      "lr": 0.00034549150281252633,
      "epoch_time_seconds": 283.06
    },
    {
      "epoch": 13,
      "train_loss": 0.084116,
      "train_acc": 0.969839,
      "val_loss": 0.055815,
      "val_acc": 0.982173,
      "val_f1_fire": 0.982688,
      "val_f1_nofire": 0.981627,
      "val_f1_macro": 0.982157,
      "lr": 0.00027300475013022663,
      "epoch_time_seconds": 284.5
    },
    {
      "epoch": 14,
      "train_loss": 0.074854,
      "train_acc": 0.973821,
      "val_loss": 0.05171,
      "val_acc": 0.986418,
      "val_f1_fire": 0.986885,
      "val_f1_nofire": 0.985915,
      "val_f1_macro": 0.9864,
      "lr": 0.00020610737385376348,
      "epoch_time_seconds": 281.25
    },
    {
      "epoch": 15,
      "train_loss": 0.068244,
      "train_acc": 0.976158,
      "val_loss": 0.060121,
      "val_acc": 0.98472,
      "val_f1_fire": 0.98521,
      "val_f1_nofire": 0.984197,
      "val_f1_macro": 0.984703,
      "lr": 0.00014644660940672625,
      "epoch_time_seconds": 341.84
    },
    {
      "epoch": 16,
      "train_loss": 0.068817,
      "train_acc": 0.975786,
      "val_loss": 0.056339,
      "val_acc": 0.985993,
      "val_f1_fire": 0.986503,
      "val_f1_nofire": 0.985443,
      "val_f1_macro": 0.985973,
      "lr": 9.549150281252631e-05,
      "epoch_time_seconds": 402.13
    },
    {
      "epoch": 17,
      "train_loss": 0.065267,
      "train_acc": 0.977485,
      "val_loss": 0.047428,
      "val_acc": 0.988115,
      "val_f1_fire": 0.988525,
      "val_f1_nofire": 0.987676,
      "val_f1_macro": 0.9881,
      "lr": 5.4496737905816096e-05,
      "epoch_time_seconds": 307.58
    },
    {
      "epoch": 18,
      "train_loss": 0.059951,
      "train_acc": 0.978653,
      "val_loss": 0.050492,
      "val_acc": 0.987691,
      "val_f1_fire": 0.98811,
      "val_f1_nofire": 0.987242,
      "val_f1_macro": 0.987676,
      "lr": 2.447174185242323e-05,
      "epoch_time_seconds": 278.39
    },
    {
      "epoch": 19,
      "train_loss": 0.062797,
      "train_acc": 0.978016,
      "val_loss": 0.050346,
      "val_acc": 0.987691,
      "val_f1_fire": 0.98811,
      "val_f1_nofire": 0.987242,
      "val_f1_macro": 0.987676,
      "lr": 6.15582970243117e-06,
      "epoch_time_seconds": 278.47
    },
    {
      "epoch": 20,
      "train_loss": 0.059244,
      "train_acc": 0.979291,
      "val_loss": 0.048624,
      "val_acc": 0.988115,
      "val_f1_fire": 0.988515,
      "val_f1_nofire": 0.987687,
      "val_f1_macro": 0.988101,
      "lr": 0.0,
      "epoch_time_seconds": 278.23
    }
  ]
}