{
  "model": "resnet",
  "freeze_config": "freeze_conv1_layer1",
  "seed": 20,
  "device": "cuda",
  "gpu_name": "NVIDIA GeForce GTX 1060 3GB",
  "optimizer": "adamw",
  "lr": 0.001,
  "weight_decay": 0.01,
  "dropout": 0.1,
  "batch_size": 16,
  "grad_accum_steps": 2,
  "effective_batch_size": 32,
  "amp": false,
  "epochs_configured": 20,
  "patience": 5,
  "num_trainable_params": 23286786,
  "num_frozen_params": 225344,
  "num_total_params": 23512130,
  "trainable_pct": 99.04,
  "dataset": {
    "train": {
      "total": 18847,
      "fire": 9763,
      "nofire": 9084
    },
    "val": {
      "total": 2356,
      "fire": 1220,
      "nofire": 1136
    },
    "test": {
      "total": 2356,
      "fire": 1221,
      "nofire": 1135
    }
  },
  "class_weights": [
    1.0374,
    0.9652
  ],
  "epochs_completed": 20,
  "early_stopped": false,
  "test_acc": 0.988964,
  "test_loss": 0.053011,
  "test_precision_fire": 0.9926,
  "test_recall_fire": 0.9861,
  "test_f1_fire": 0.9893,
  "test_precision_nofire": 0.9851,
  "test_recall_nofire": 0.9921,
  "test_f1_nofire": 0.9886,
  "test_confusion_matrix": [
    [
      1126,
      9
    ],
    [
      17,
      1204
    ]
  ],
  "best_val_acc": 0.987267,
  "best_val_loss": 0.049967,
  "best_val_f1_fire": 0.987685,
  "best_val_f1_macro": 0.987252,
  "best_epoch": 18,
  "total_train_time_seconds": 5460.68,
  "train_history": [
    {
      "epoch": 1,
      "train_loss": 0.294684,
      "train_acc": 0.885142,
      "val_loss": 0.121593,
      "val_acc": 0.957131,
      "val_f1_fire": 0.958556,
      "val_f1_nofire": 0.955604,
      "val_f1_macro": 0.95708,
      "lr": 0.0009938441702975688,
      "epoch_time_seconds": 296.29
    },
    {
      "epoch": 2,
      "train_loss": 0.209869,
      "train_acc": 0.922419,
      "val_loss": 0.118285,
      "val_acc": 0.966044,
      "val_f1_fire": 0.966915,
      "val_f1_nofire": 0.965126,
      "val_f1_macro": 0.966021,
      "lr": 0.0009755282581475768,
      "epoch_time_seconds": 278.9
    },
    {
      "epoch": 3,
      "train_loss": 0.180464,
      "train_acc": 0.934314,
      "val_loss": 0.09937,
      "val_acc": 0.969015,
      "val_f1_fire": 0.969772,
      "val_f1_nofire": 0.968219,
      "val_f1_macro": 0.968996,
      "lr": 0.0009455032620941839,
      "epoch_time_seconds": 276.31
    },
    {
      "epoch": 4,
      "train_loss": 0.158126,
      "train_acc": 0.942598,
      "val_loss": 0.101317,
      "val_acc": 0.975806,
      "val_f1_fire": 0.976801,
      "val_f1_nofire": 0.974723,
      "val_f1_macro": 0.975762,
      "lr": 0.0009045084971874737,
      "epoch_time_seconds": 274.47
    },
    {
      "epoch": 5,
      "train_loss": 0.147803,
      "train_acc": 0.945518,
      "val_loss": 0.097825,
      "val_acc": 0.967742,
      "val_f1_fire": 0.968543,
      "val_f1_nofire": 0.966899,
      "val_f1_macro": 0.967721,
      "lr": 0.0008535533905932737,
      "epoch_time_seconds": 272.15
    },
    {
      "epoch": 6,
      "train_loss": 0.138272,
      "train_acc": 0.949926,
      "val_loss": 0.076822,
      "val_acc": 0.971562,
      "val_f1_fire": 0.972118,
      "val_f1_nofire": 0.970983,
      "val_f1_macro": 0.971551,
      "lr": 0.0007938926261462366,
      "epoch_time_seconds": 274.21
    },
    {
      "epoch": 7,
      "train_loss": 0.123287,
      "train_acc": 0.956669,
      "val_loss": 0.083588,
      "val_acc": 0.980051,
      "val_f1_fire": 0.980808,
      "val_f1_nofire": 0.979231,
      "val_f1_macro": 0.98002,
      "lr": 0.0007269952498697733,
      "epoch_time_seconds": 270.81
    },
    {
      "epoch": 8,
      "train_loss": 0.11519,
      "train_acc": 0.957519,
      "val_loss": 0.078663,
      "val_acc": 0.97708,
      "val_f1_fire": 0.977814,
      "val_f1_nofire": 0.976295,
      "val_f1_macro": 0.977055,
      "lr": 0.0006545084971874737,
      "epoch_time_seconds": 270.33
    },
    {
      "epoch": 9,
      "train_loss": 0.112904,
      "train_acc": 0.960705,
      "val_loss": 0.072958,
      "val_acc": 0.9809,
      "val_f1_fire": 0.981565,
      "val_f1_nofire": 0.980185,
      "val_f1_macro": 0.980875,
      "lr": 0.0005782172325201155,
      "epoch_time_seconds": 270.22
    },
    {
      "epoch": 10,
      "train_loss": 0.100589,
      "train_acc": 0.963679,
      "val_loss": 0.063684,
      "val_acc": 0.977929,
      "val_f1_fire": 0.978654,
      "val_f1_nofire": 0.977153,
      "val_f1_macro": 0.977903,
      "lr": 0.0005,
      "epoch_time_seconds": 270.34
    },
    {
      "epoch": 11,
      "train_loss": 0.09306,
      "train_acc": 0.965962,
      "val_loss": 0.063724,
      "val_acc": 0.9809,
      "val_f1_fire": 0.981489,
      "val_f1_nofire": 0.980272,
      "val_f1_macro": 0.98088,
      "lr": 0.0004217827674798847,
      "epoch_time_seconds": 270.88
    },
    {
      "epoch": 12,
      "train_loss": 0.090418,
      "train_acc": 0.969254,
      "val_loss": 0.054617,
      "val_acc": 0.985144,
      "val_f1_fire": 0.985579,
      "val_f1_nofire": 0.984683,
      "val_f1_macro": 0.985131,
      "lr": 0.00034549150281252633,
      "epoch_time_seconds": 269.57
    },
    {
      "epoch": 13,
      "train_loss": 0.084239,
      "train_acc": 0.971166,
      "val_loss": 0.051033,
      "val_acc": 0.983871,
      "val_f1_fire": 0.984336,
      "val_f1_nofire": 0.983377,
      "val_f1_macro": 0.983857,
      "lr": 0.00027300475013022663,
      "epoch_time_seconds": 269.85
    },
    {
      "epoch": 14,
      "train_loss": 0.078476,
      "train_acc": 0.971644,
      "val_loss": 0.05764,
      "val_acc": 0.983022,
      "val_f1_fire": 0.983553,
      "val_f1_nofire": 0.982456,
      "val_f1_macro": 0.983004,
      "lr": 0.00020610737385376348,
      "epoch_time_seconds": 273.17
    },
    {
      "epoch": 15,
      "train_loss": 0.070955,
      "train_acc": 0.975042,
      "val_loss": 0.053818,
      "val_acc": 0.985569,
      "val_f1_fire": 0.986054,
      "val_f1_nofire": 0.985048,
      "val_f1_macro": 0.985551,
      "lr": 0.00014644660940672625,
      "epoch_time_seconds": 273.3
    },
    {
      "epoch": 16,
      "train_loss": 0.06853,
      "train_acc": 0.976211,
      "val_loss": 0.054545,
      "val_acc": 0.983871,
      "val_f1_fire": 0.984375,
      "val_f1_nofire": 0.983333,
      "val_f1_macro": 0.983854,
      "lr": 9.549150281252631e-05,
      "epoch_time_seconds": 268.75
    },
    {
      "epoch": 17,
      "train_loss": 0.066102,
      "train_acc": 0.97722,
      "val_loss": 0.053591,
      "val_acc": 0.983871,
      "val_f1_fire": 0.984336,
      "val_f1_nofire": 0.983377,
      "val_f1_macro": 0.983857,
      "lr": 5.4496737905816096e-05,
      "epoch_time_seconds": 268.89
    },
    {
      "epoch": 18,
      "train_loss": 0.058555,
      "train_acc": 0.979875,
      "val_loss": 0.049967,
      "val_acc": 0.987267,
      "val_f1_fire": 0.987685,
      "val_f1_nofire": 0.986819,
      "val_f1_macro": 0.987252,
      "lr": 2.447174185242323e-05,
      "epoch_time_seconds": 269.26
    },
    {
      "epoch": 19,
      "train_loss": 0.057904,
      "train_acc": 0.980618,
      "val_loss": 0.052372,
      "val_acc": 0.985569,
      "val_f1_fire": 0.986008,
      "val_f1_nofire": 0.985101,
      "val_f1_macro": 0.985555,
      "lr": 6.15582970243117e-06,
      "epoch_time_seconds": 270.23
    },
    {
      "epoch": 20,
      "train_loss": 0.057304,
      "train_acc": 0.980937,
      "val_loss": 0.050849,
      "val_acc": 0.988115,
      "val_f1_fire": 0.988506,
      "val_f1_nofire": 0.987698,
      "val_f1_macro": 0.988102,
      "lr": 0.0,
      "epoch_time_seconds": 268.41
    }
  ]
}