{
  "model": "resnet",
  "freeze_config": "freeze_conv1_layer1",
  "seed": 15,
  "device": "cuda",
  "gpu_name": "NVIDIA GeForce GTX 1060 3GB",
  "optimizer": "adamw",
  "lr": 0.001,
  "weight_decay": 0.01,
  "dropout": 0.1,
  "batch_size": 16,
  "grad_accum_steps": 2,
  "effective_batch_size": 32,
  "amp": false,
  "epochs_configured": 20,
  "patience": 5,
  "num_trainable_params": 23286786,
  "num_frozen_params": 225344,
  "num_total_params": 23512130,
  "trainable_pct": 99.04,
  "dataset": {
    "train": {
      "total": 18847,
      "fire": 9763,
      "nofire": 9084
    },
    "val": {
      "total": 2356,
      "fire": 1220,
      "nofire": 1136
    },
    "test": {
      "total": 2356,
      "fire": 1221,
      "nofire": 1135
    }
  },
  "class_weights": [
    1.0374,
    0.9652
  ],
  "epochs_completed": 20,
  "early_stopped": false,
  "test_acc": 0.983447,
  "test_loss": 0.054999,
  "test_precision_fire": 0.99,
  "test_recall_fire": 0.9779,
  "test_f1_fire": 0.9839,
  "test_precision_nofire": 0.9765,
  "test_recall_nofire": 0.9894,
  "test_f1_nofire": 0.9829,
  "test_confusion_matrix": [
    [
      1123,
      12
    ],
    [
      27,
      1194
    ]
  ],
  "best_val_acc": 0.985569,
  "best_val_loss": 0.050321,
  "best_val_f1_fire": 0.986008,
  "best_val_f1_macro": 0.985555,
  "best_epoch": 19,
  "total_train_time_seconds": 5698.33,
  "train_history": [
    {
      "epoch": 1,
      "train_loss": 0.288557,
      "train_acc": 0.886311,
      "val_loss": 0.203665,
      "val_acc": 0.934635,
      "val_f1_fire": 0.938103,
      "val_f1_nofire": 0.930755,
      "val_f1_macro": 0.934429,
      "lr": 0.0009938441702975688,
      "epoch_time_seconds": 578.14
    },
    {
      "epoch": 2,
      "train_loss": 0.212706,
      "train_acc": 0.917375,
      "val_loss": 0.10158,
      "val_acc": 0.96562,
      "val_f1_fire": 0.966348,
      "val_f1_nofire": 0.964859,
      "val_f1_macro": 0.965604,
      "lr": 0.0009755282581475768,
      "epoch_time_seconds": 269.03
    },
    {
      "epoch": 3,
      "train_loss": 0.181174,
      "train_acc": 0.934526,
      "val_loss": 0.095637,
      "val_acc": 0.969015,
      "val_f1_fire": 0.969722,
      "val_f1_nofire": 0.968275,
      "val_f1_macro": 0.968998,
      "lr": 0.0009455032620941839,
      "epoch_time_seconds": 268.06
    },
    {
      "epoch": 4,
      "train_loss": 0.159881,
      "train_acc": 0.941217,
      "val_loss": 0.08902,
      "val_acc": 0.968166,
      "val_f1_fire": 0.968995,
      "val_f1_nofire": 0.967292,
      "val_f1_macro": 0.968144,
      "lr": 0.0009045084971874737,
      "epoch_time_seconds": 268.0
    },
    {
      "epoch": 5,
      "train_loss": 0.146175,
      "train_acc": 0.946368,
      "val_loss": 0.085873,
      "val_acc": 0.974109,
      "val_f1_fire": 0.97499,
      "val_f1_nofire": 0.973163,
      "val_f1_macro": 0.974076,
      "lr": 0.0008535533905932737,
      "epoch_time_seconds": 268.19
    },
    {
      "epoch": 6,
      "train_loss": 0.132959,
      "train_acc": 0.951094,
      "val_loss": 0.081229,
      "val_acc": 0.971986,
      "val_f1_fire": 0.972614,
      "val_f1_nofire": 0.971329,
      "val_f1_macro": 0.971972,
      "lr": 0.0007938926261462366,
      "epoch_time_seconds": 268.91
    },
    {
      "epoch": 7,
      "train_loss": 0.119031,
      "train_acc": 0.956616,
      "val_loss": 0.106617,
      "val_acc": 0.963922,
      "val_f1_fire": 0.964271,
      "val_f1_nofire": 0.963566,
      "val_f1_macro": 0.963918,
      "lr": 0.0007269952498697733,
      "epoch_time_seconds": 269.28
    },
    {
      "epoch": 8,
      "train_loss": 0.117944,
      "train_acc": 0.957041,
      "val_loss": 0.187286,
      "val_acc": 0.95034,
      "val_f1_fire": 0.950318,
      "val_f1_nofire": 0.950361,
      "val_f1_macro": 0.95034,
      "lr": 0.0006545084971874737,
      "epoch_time_seconds": 269.24
    },
    {
      "epoch": 9,
      "train_loss": 0.105142,
      "train_acc": 0.961873,
      "val_loss": 0.075337,
      "val_acc": 0.976231,
      "val_f1_fire": 0.976955,
      "val_f1_nofire": 0.97546,
      "val_f1_macro": 0.976207,
      "lr": 0.0005782172325201155,
      "epoch_time_seconds": 269.44
    },
    {
      "epoch": 10,
      "train_loss": 0.104696,
      "train_acc": 0.962935,
      "val_loss": 0.06111,
      "val_acc": 0.980051,
      "val_f1_fire": 0.980554,
      "val_f1_nofire": 0.979521,
      "val_f1_macro": 0.980038,
      "lr": 0.0005,
      "epoch_time_seconds": 269.52
    },
    {
      "epoch": 11,
      "train_loss": 0.092876,
      "train_acc": 0.966281,
      "val_loss": 0.064971,
      "val_acc": 0.981324,
      "val_f1_fire": 0.981833,
      "val_f1_nofire": 0.980786,
      "val_f1_macro": 0.98131,
      "lr": 0.0004217827674798847,
      "epoch_time_seconds": 268.94
    },
    {
      "epoch": 12,
      "train_loss": 0.08978,
      "train_acc": 0.967821,
      "val_loss": 0.062653,
      "val_acc": 0.981749,
      "val_f1_fire": 0.982224,
      "val_f1_nofire": 0.981247,
      "val_f1_macro": 0.981736,
      "lr": 0.00034549150281252633,
      "epoch_time_seconds": 268.25
    },
    {
      "epoch": 13,
      "train_loss": 0.082758,
      "train_acc": 0.970794,
      "val_loss": 0.060492,
      "val_acc": 0.985144,
      "val_f1_fire": 0.985638,
      "val_f1_nofire": 0.984615,
      "val_f1_macro": 0.985127,
      "lr": 0.00027300475013022663,
      "epoch_time_seconds": 268.1
    },
    {
      "epoch": 14,
      "train_loss": 0.076691,
      "train_acc": 0.971591,
      "val_loss": 0.055964,
      "val_acc": 0.985144,
      "val_f1_fire": 0.985614,
      "val_f1_nofire": 0.984642,
      "val_f1_macro": 0.985128,
      "lr": 0.00020610737385376348,
      "epoch_time_seconds": 271.89
    },
    {
      "epoch": 15,
      "train_loss": 0.070985,
      "train_acc": 0.974352,
      "val_loss": 0.065802,
      "val_acc": 0.984295,
      "val_f1_fire": 0.984704,
      "val_f1_nofire": 0.983864,
      "val_f1_macro": 0.984284,
      "lr": 0.00014644660940672625,
      "epoch_time_seconds": 268.49
    },
    {
      "epoch": 16,
      "train_loss": 0.069057,
      "train_acc": 0.975998,
      "val_loss": 0.055348,
      "val_acc": 0.98472,
      "val_f1_fire": 0.985173,
      "val_f1_nofire": 0.984238,
      "val_f1_macro": 0.984706,
      "lr": 9.549150281252631e-05,
      "epoch_time_seconds": 269.12
    },
    {
      "epoch": 17,
      "train_loss": 0.062078,
      "train_acc": 0.978813,
      "val_loss": 0.057031,
      "val_acc": 0.983447,
      "val_f1_fire": 0.983931,
      "val_f1_nofire": 0.982932,
      "val_f1_macro": 0.983431,
      "lr": 5.4496737905816096e-05,
      "epoch_time_seconds": 271.01
    },
    {
      "epoch": 18,
      "train_loss": 0.059164,
      "train_acc": 0.979025,
      "val_loss": 0.052096,
      "val_acc": 0.985993,
      "val_f1_fire": 0.986425,
      "val_f1_nofire": 0.985533,
      "val_f1_macro": 0.985979,
      "lr": 2.447174185242323e-05,
      "epoch_time_seconds": 269.6
    },
    {
      "epoch": 19,
      "train_loss": 0.060429,
      "train_acc": 0.979025,
      "val_loss": 0.050321,
      "val_acc": 0.985569,
      "val_f1_fire": 0.986008,
      "val_f1_nofire": 0.985101,
      "val_f1_macro": 0.985555,
      "lr": 6.15582970243117e-06,
      "epoch_time_seconds": 269.45
    },
    {
      "epoch": 20,
      "train_loss": 0.056744,
      "train_acc": 0.980618,
      "val_loss": 0.053663,
      "val_acc": 0.985144,
      "val_f1_fire": 0.985591,
      "val_f1_nofire": 0.984669,
      "val_f1_macro": 0.98513,
      "lr": 0.0,
      "epoch_time_seconds": 269.85
    }
  ]
}