{
  "model": "resnet",
  "freeze_config": "freeze_conv1_layer1",
  "seed": 5,
  "device": "cuda",
  "gpu_name": "NVIDIA GeForce GTX 1060 3GB",
  "optimizer": "adamw",
  "lr": 0.001,
  "weight_decay": 0.01,
  "dropout": 0.1,
  "batch_size": 16,
  "grad_accum_steps": 2,
  "effective_batch_size": 32,
  "amp": false,
  "epochs_configured": 20,
  "patience": 5,
  "num_trainable_params": 23286786,
  "num_frozen_params": 225344,
  "num_total_params": 23512130,
  "trainable_pct": 99.04,
  "dataset": {
    "train": {
      "total": 18847,
      "fire": 9763,
      "nofire": 9084
    },
    "val": {
      "total": 2356,
      "fire": 1220,
      "nofire": 1136
    },
    "test": {
      "total": 2356,
      "fire": 1221,
      "nofire": 1135
    }
  },
  "class_weights": [
    1.0374,
    0.9652
  ],
  "epochs_completed": 20,
  "early_stopped": false,
  "test_acc": 0.985144,
  "test_loss": 0.050743,
  "test_precision_fire": 0.9853,
  "test_recall_fire": 0.9861,
  "test_f1_fire": 0.9857,
  "test_precision_nofire": 0.985,
  "test_recall_nofire": 0.9841,
  "test_f1_nofire": 0.9846,
  "test_confusion_matrix": [
    [
      1117,
      18
    ],
    [
      17,
      1204
    ]
  ],
  "best_val_acc": 0.986418,
  "best_val_loss": 0.048734,
  "best_val_f1_fire": 0.986853,
  "best_val_f1_macro": 0.986403,
  "best_epoch": 20,
  "total_train_time_seconds": 5690.91,
  "train_history": [
    {
      "epoch": 1,
      "train_loss": 0.296635,
      "train_acc": 0.885514,
      "val_loss": 0.173565,
      "val_acc": 0.941851,
      "val_f1_fire": 0.944602,
      "val_f1_nofire": 0.938812,
      "val_f1_macro": 0.941707,
      "lr": 0.0009938441702975688,
      "epoch_time_seconds": 289.38
    },
    {
      "epoch": 2,
      "train_loss": 0.212063,
      "train_acc": 0.919817,
      "val_loss": 0.132983,
      "val_acc": 0.953311,
      "val_f1_fire": 0.954357,
      "val_f1_nofire": 0.952215,
      "val_f1_macro": 0.953286,
      "lr": 0.0009755282581475768,
      "epoch_time_seconds": 279.46
    },
    {
      "epoch": 3,
      "train_loss": 0.186774,
      "train_acc": 0.9298,
      "val_loss": 0.150444,
      "val_acc": 0.956282,
      "val_f1_fire": 0.958717,
      "val_f1_nofire": 0.953541,
      "val_f1_macro": 0.956129,
      "lr": 0.0009455032620941839,
      "epoch_time_seconds": 280.9
    },
    {
      "epoch": 4,
      "train_loss": 0.163746,
      "train_acc": 0.93904,
      "val_loss": 0.107224,
      "val_acc": 0.964771,
      "val_f1_fire": 0.966329,
      "val_f1_nofire": 0.963062,
      "val_f1_macro": 0.964695,
      "lr": 0.0009045084971874737,
      "epoch_time_seconds": 282.06
    },
    {
      "epoch": 5,
      "train_loss": 0.154537,
      "train_acc": 0.94212,
      "val_loss": 0.098134,
      "val_acc": 0.969015,
      "val_f1_fire": 0.97007,
      "val_f1_nofire": 0.967884,
      "val_f1_macro": 0.968977,
      "lr": 0.0008535533905932737,
      "epoch_time_seconds": 281.43
    },
    {
      "epoch": 6,
      "train_loss": 0.138768,
      "train_acc": 0.952475,
      "val_loss": 0.109185,
      "val_acc": 0.962649,
      "val_f1_fire": 0.963025,
      "val_f1_nofire": 0.962264,
      "val_f1_macro": 0.962645,
      "lr": 0.0007938926261462366,
      "epoch_time_seconds": 281.09
    },
    {
      "epoch": 7,
      "train_loss": 0.13227,
      "train_acc": 0.950935,
      "val_loss": 0.069392,
      "val_acc": 0.981324,
      "val_f1_fire": 0.981997,
      "val_f1_nofire": 0.9806,
      "val_f1_macro": 0.981298,
      "lr": 0.0007269952498697733,
      "epoch_time_seconds": 329.43
    },
    {
      "epoch": 8,
      "train_loss": 0.116357,
      "train_acc": 0.959218,
      "val_loss": 0.0786,
      "val_acc": 0.978778,
      "val_f1_fire": 0.979491,
      "val_f1_nofire": 0.978012,
      "val_f1_macro": 0.978752,
      "lr": 0.0006545084971874737,
      "epoch_time_seconds": 283.27
    },
    {
      "epoch": 9,
      "train_loss": 0.110968,
      "train_acc": 0.96113,
      "val_loss": 0.080486,
      "val_acc": 0.976655,
      "val_f1_fire": 0.977188,
      "val_f1_nofire": 0.976097,
      "val_f1_macro": 0.976643,
      "lr": 0.0005782172325201155,
      "epoch_time_seconds": 278.57
    },
    {
      "epoch": 10,
      "train_loss": 0.105732,
      "train_acc": 0.960864,
      "val_loss": 0.075347,
      "val_acc": 0.978778,
      "val_f1_fire": 0.979287,
      "val_f1_nofire": 0.978242,
      "val_f1_macro": 0.978765,
      "lr": 0.0005,
      "epoch_time_seconds": 279.36
    },
    {
      "epoch": 11,
      "train_loss": 0.094991,
      "train_acc": 0.965484,
      "val_loss": 0.062882,
      "val_acc": 0.981749,
      "val_f1_fire": 0.982253,
      "val_f1_nofire": 0.981215,
      "val_f1_macro": 0.981734,
      "lr": 0.0004217827674798847,
      "epoch_time_seconds": 278.39
    },
    {
      "epoch": 12,
      "train_loss": 0.091782,
      "train_acc": 0.967821,
      "val_loss": 0.077687,
      "val_acc": 0.972835,
      "val_f1_fire": 0.973266,
      "val_f1_nofire": 0.97239,
      "val_f1_macro": 0.972828,
      "lr": 0.00034549150281252633,
      "epoch_time_seconds": 278.97
    },
    {
      "epoch": 13,
      "train_loss": 0.083249,
      "train_acc": 0.97175,
      "val_loss": 0.061798,
      "val_acc": 0.981324,
      "val_f1_fire": 0.981788,
      "val_f1_nofire": 0.980836,
      "val_f1_macro": 0.981312,
      "lr": 0.00027300475013022663,
      "epoch_time_seconds": 278.94
    },
    {
      "epoch": 14,
      "train_loss": 0.075307,
      "train_acc": 0.972918,
      "val_loss": 0.056186,
      "val_acc": 0.98472,
      "val_f1_fire": 0.98521,
      "val_f1_nofire": 0.984197,
      "val_f1_macro": 0.984703,
      "lr": 0.00020610737385376348,
      "epoch_time_seconds": 279.52
    },
    {
      "epoch": 15,
      "train_loss": 0.070599,
      "train_acc": 0.974989,
      "val_loss": 0.053756,
      "val_acc": 0.982598,
      "val_f1_fire": 0.983093,
      "val_f1_nofire": 0.982073,
      "val_f1_macro": 0.982583,
      "lr": 0.00014644660940672625,
      "epoch_time_seconds": 279.69
    },
    {
      "epoch": 16,
      "train_loss": 0.068074,
      "train_acc": 0.976423,
      "val_loss": 0.054629,
      "val_acc": 0.983871,
      "val_f1_fire": 0.984375,
      "val_f1_nofire": 0.983333,
      "val_f1_macro": 0.983854,
      "lr": 9.549150281252631e-05,
      "epoch_time_seconds": 279.65
    },
    {
      "epoch": 17,
      "train_loss": 0.062756,
      "train_acc": 0.978653,
      "val_loss": 0.053073,
      "val_acc": 0.986418,
      "val_f1_fire": 0.986864,
      "val_f1_nofire": 0.98594,
      "val_f1_macro": 0.986402,
      "lr": 5.4496737905816096e-05,
      "epoch_time_seconds": 280.15
    },
    {
      "epoch": 18,
      "train_loss": 0.061305,
      "train_acc": 0.978866,
      "val_loss": 0.050839,
      "val_acc": 0.986418,
      "val_f1_fire": 0.986907,
      "val_f1_nofire": 0.985891,
      "val_f1_macro": 0.986399,
      "lr": 2.447174185242323e-05,
      "epoch_time_seconds": 279.47
    },
    {
      "epoch": 19,
      "train_loss": 0.06622,
      "train_acc": 0.976795,
      "val_loss": 0.048865,
      "val_acc": 0.986418,
      "val_f1_fire": 0.986864,
      "val_f1_nofire": 0.98594,
      "val_f1_macro": 0.986402,
      "lr": 6.15582970243117e-06,
      "epoch_time_seconds": 286.66
    },
    {
      "epoch": 20,
      "train_loss": 0.058357,
      "train_acc": 0.980777,
      "val_loss": 0.048734,
      "val_acc": 0.986418,
      "val_f1_fire": 0.986853,
      "val_f1_nofire": 0.985953,
      "val_f1_macro": 0.986403,
      "lr": 0.0,
      "epoch_time_seconds": 298.34
    }
  ]
}